mean_fit_time,std_fit_time,mean_score_time,std_score_time,param_C,param_solver,params,split0_test_score,split1_test_score,split2_test_score,split3_test_score,split4_test_score,mean_test_score,std_test_score,rank_test_score
6.295843601226807,0.19908847417823897,0.004476165771484375,0.0025452028662514663,0.0002847240650713371,saga,"OrderedDict({'C': 0.0002847240650713371, 'solver': 'saga'})",0.91375,0.92,0.90875,0.9,0.91,0.9104999999999999,0.0065479004268544,253
4.554181528091431,0.22791807693370447,0.006892538070678711,0.004571264614238564,1106.1867352196975,sag,"OrderedDict({'C': 1106.1867352196975, 'solver': 'sag'})",0.94375,0.94375,0.94125,0.93625,0.945,0.942,0.0031224989991991735,142
4.729074621200562,0.1245899520313627,0.008200883865356445,0.004275400944183776,2.234427542565544,sag,"OrderedDict({'C': 2.234427542565544, 'solver': 'sag'})",0.94375,0.945,0.93875,0.9375,0.94375,0.9417499999999999,0.003020761493398632,151
0.887220048904419,0.19211939833384958,0.00987248420715332,0.0016644260557200365,89948.15741051477,lbfgs,"OrderedDict({'C': 89948.15741051477, 'solver': 'lbfgs'})",0.9175,0.90875,0.9025,0.90125,0.90375,0.90675,0.0059476886266851495,262
1.5628840923309326,0.20248096192651963,0.0015326499938964843,0.0013739571727232518,0.0028474351284062463,newton-cg,"OrderedDict({'C': 0.0028474351284062463, 'solver': 'newton-cg'})",0.94875,0.95125,0.945,0.94,0.95125,0.94725,0.0042866070498705985,127
1.380473804473877,0.12511564271300937,0.005983304977416992,0.004032636349524549,0.617640190396056,lbfgs,"OrderedDict({'C': 0.617640190396056, 'solver': 'lbfgs'})",0.94625,0.94375,0.9425,0.94125,0.955,0.94575,0.004911720676097106,132
1.3154789447784423,0.2505706123630489,0.008369255065917968,0.003065575592828823,3.59765442113789e-05,sag,"OrderedDict({'C': 3.59765442113789e-05, 'solver': 'sag'})",0.89125,0.88625,0.8775,0.87875,0.88625,0.884,0.005147815070493501,299
4.623735189437866,0.17603635162143744,0.006930780410766601,0.002030237668436508,0.6249896278648583,sag,"OrderedDict({'C': 0.6249896278648583, 'solver': 'sag'})",0.9425,0.93875,0.94,0.935,0.94125,0.9395,0.002573907535246736,200
1.1066015720367433,0.1882394711028666,0.005664920806884766,0.003532071561497726,1.3503550662718657,lbfgs,"OrderedDict({'C': 1.3503550662718657, 'solver': 'lbfgs'})",0.93875,0.9375,0.94125,0.92375,0.93125,0.9345000000000001,0.00630476010645926,236
0.7460399150848389,0.2664581312148855,0.006954050064086914,0.005486501470417805,1.1001916899506995e-06,lbfgs,"OrderedDict({'C': 1.1001916899506995e-06, 'solver': 'lbfgs'})",0.92625,0.92625,0.92,0.90875,0.93125,0.9225,0.007745966692414859,246
3.8928261280059813,0.26117449461595804,0.000790262222290039,0.0010251884859027423,0.04255708548045128,newton-cg,"OrderedDict({'C': 0.04255708548045128, 'solver': 'newton-cg'})",0.95625,0.94625,0.945,0.9425,0.95625,0.9492499999999999,0.005841660722773985,86
7.7683509349822994,0.3082708746425917,0.0,0.0,76.08887782528763,saga,"OrderedDict({'C': 76.08887782528763, 'solver': 'saga'})",0.945,0.94125,0.94125,0.93625,0.9425,0.9412499999999999,0.002850438562747823,154
3.6853163719177244,0.20766395890338096,0.006760168075561524,0.005077046500795761,0.8064015628844649,newton-cg,"OrderedDict({'C': 0.8064015628844649, 'solver': 'newton-cg'})",0.95,0.9425,0.94125,0.94375,0.95625,0.9467500000000001,0.005623610939601002,129
3.152539587020874,0.41482708748214736,0.009272098541259766,0.006280627436300915,79275.56304617706,newton-cg,"OrderedDict({'C': 79275.56304617706, 'solver': 'newton-cg'})",0.9425,0.9375,0.93625,0.93125,0.94,0.9375,0.0037914377220257603,206
2.8661802768707276,0.4422178896341313,0.013386964797973633,0.005878013963625172,366.1183450841239,newton-cg,"OrderedDict({'C': 366.1183450841239, 'solver': 'newton-cg'})",0.9425,0.93625,0.93625,0.93125,0.94,0.93725,0.0038242646351945722,225
1.1695024490356445,0.40151500919519106,0.019964075088500975,0.007609357851485999,1e-06,newton-cg,"OrderedDict({'C': 1e-06, 'solver': 'newton-cg'})",0.92625,0.9275,0.92125,0.91,0.93125,0.92325,0.0073569694847810735,244
7.335742092132568,0.33685119294903176,0.0019312858581542968,0.0015636158731410846,1000000.0,saga,"OrderedDict({'C': 1000000.0, 'solver': 'saga'})",0.9425,0.94,0.94125,0.93875,0.9425,0.9410000000000001,0.0014577379737113435,163
6.078108501434326,0.3050355010610236,0.0019582271575927734,0.0017722010887932192,1000000.0,sag,"OrderedDict({'C': 1000000.0, 'solver': 'sag'})",0.94375,0.9425,0.93875,0.93625,0.9425,0.9407500000000001,0.0028062430400804476,169
3.4692272186279296,0.2676113452347036,0.005115795135498047,0.004084443404444375,1000000.0,newton-cg,"OrderedDict({'C': 1000000.0, 'solver': 'newton-cg'})",0.9425,0.9375,0.93625,0.93125,0.94,0.9375,0.0037914377220257603,206
3.1931243896484376,0.31101900100667274,0.009554862976074219,0.009568027335816718,0.004536975380320757,newton-cg,"OrderedDict({'C': 0.004536975380320757, 'solver': 'newton-cg'})",0.9525,0.95125,0.945,0.945,0.955,0.9497499999999999,0.0040620192023179975,63
2.938130807876587,0.09852063554788669,0.0012179851531982423,0.0014918245028667653,0.02261515512137868,newton-cg,"OrderedDict({'C': 0.02261515512137868, 'solver': 'newton-cg'})",0.955,0.94625,0.9475,0.945,0.955,0.9497499999999999,0.004358898943540658,63
2.0269195556640627,0.3737422727672723,0.010240793228149414,0.005025060361478534,0.015563279976801066,lbfgs,"OrderedDict({'C': 0.015563279976801066, 'solver': 'lbfgs'})",0.9525,0.94625,0.94875,0.94375,0.95375,0.9490000000000001,0.003741657386773942,99
2.9207383155822755,0.17355465746032872,0.003854990005493164,0.0014388814124324347,0.0811402099900572,newton-cg,"OrderedDict({'C': 0.0811402099900572, 'solver': 'newton-cg'})",0.95625,0.94375,0.945,0.94625,0.955,0.9492499999999999,0.005279678020485731,86
1.2000643730163574,0.20635243498361724,0.011311531066894531,0.0030800746772123707,0.000793074223284987,lbfgs,"OrderedDict({'C': 0.000793074223284987, 'solver': 'lbfgs'})",0.935,0.9375,0.9325,0.92125,0.93125,0.9315000000000001,0.0055565276927232185,237
7.187219762802124,0.33722332370660607,0.0012169837951660155,0.0012949230514523226,0.48595687900177165,saga,"OrderedDict({'C': 0.48595687900177165, 'solver': 'saga'})",0.9425,0.94125,0.94125,0.935,0.9425,0.9405000000000001,0.0028062430400804398,175
2.0017303943634035,0.3511718136633968,0.013546943664550781,0.009923796467884556,0.10878896769163253,lbfgs,"OrderedDict({'C': 0.10878896769163253, 'solver': 'lbfgs'})",0.955,0.945,0.945,0.94375,0.96,0.9497499999999999,0.0065383484153110115,63
7.020822668075562,0.31741864936001263,0.003444385528564453,0.001830610475947478,17298.54183204182,saga,"OrderedDict({'C': 17298.54183204182, 'solver': 'saga'})",0.9425,0.94,0.94125,0.935,0.9425,0.94025,0.0027838821814149955,185
5.541032361984253,0.21372775361716156,0.003381633758544922,0.004816734836340017,38869.704132292405,sag,"OrderedDict({'C': 38869.704132292405, 'solver': 'sag'})",0.945,0.94375,0.94125,0.93875,0.945,0.94275,0.0024238399287081496,137
1.91041259765625,0.25037703478679973,0.009831762313842774,0.0020108011204810162,0.0038909450541457576,lbfgs,"OrderedDict({'C': 0.0038909450541457576, 'solver': 'lbfgs'})",0.95125,0.95125,0.945,0.945,0.955,0.9494999999999999,0.003921096785339548,75
2.0705142974853517,0.2869735490023935,0.00818042755126953,0.0021269127995937236,0.003718930317156143,lbfgs,"OrderedDict({'C': 0.003718930317156143, 'solver': 'lbfgs'})",0.95125,0.95125,0.945,0.94375,0.95375,0.9490000000000001,0.003905124837953349,99
1.2980658531188964,0.21898974288033882,0.008825254440307618,0.005703133060112769,461.51703776648645,lbfgs,"OrderedDict({'C': 461.51703776648645, 'solver': 'lbfgs'})",0.9175,0.90875,0.9025,0.90125,0.90375,0.90675,0.0059476886266851495,262
1.2628708362579346,0.1462478158020255,0.01825242042541504,0.012108322030208282,105.49111042660498,lbfgs,"OrderedDict({'C': 105.49111042660498, 'solver': 'lbfgs'})",0.9175,0.90875,0.9025,0.9025,0.90375,0.907,0.005733672470589851,259
1.9025239944458008,0.0454935080611249,0.004321956634521484,0.001595922199420589,11.471769930305225,newton-cg,"OrderedDict({'C': 11.471769930305225, 'solver': 'newton-cg'})",0.9425,0.935,0.9375,0.93125,0.93875,0.9369999999999999,0.003758324094593214,227
6.373127365112305,0.24575975074904183,0.0009405136108398438,0.0007710661705518243,0.007891095072446378,saga,"OrderedDict({'C': 0.007891095072446378, 'solver': 'saga'})",0.94375,0.935,0.9375,0.9275,0.94,0.93675,0.0054543560573178445,233
0.9077020645141601,0.20900169027847532,0.012533426284790039,0.004162623737023996,2480.227175803884,lbfgs,"OrderedDict({'C': 2480.227175803884, 'solver': 'lbfgs'})",0.9175,0.90875,0.9025,0.90125,0.90375,0.90675,0.0059476886266851495,262
2.242092227935791,0.07293019657243396,0.003133201599121094,0.0009199757291466364,0.2157586282570137,newton-cg,"OrderedDict({'C': 0.2157586282570137, 'solver': 'newton-cg'})",0.9525,0.9475,0.94375,0.94,0.9575,0.94825,0.006204836822995452,124
1.284567165374756,0.09123095935419319,0.007557916641235352,0.005419929482473746,37.29073768916994,lbfgs,"OrderedDict({'C': 37.29073768916994, 'solver': 'lbfgs'})",0.9175,0.91,0.90125,0.9025,0.90375,0.907,0.006051859218455099,259
1.10028133392334,0.1963655826067255,0.010914134979248046,0.004458585388016941,1000000.0,lbfgs,"OrderedDict({'C': 1000000.0, 'solver': 'lbfgs'})",0.9175,0.90875,0.9025,0.90125,0.90375,0.90675,0.0059476886266851495,262
1.1381972312927247,0.15434541567698418,0.008628559112548829,0.003665471316948641,1173.3008701675146,lbfgs,"OrderedDict({'C': 1173.3008701675146, 'solver': 'lbfgs'})",0.9175,0.90875,0.9025,0.90125,0.90375,0.90675,0.0059476886266851495,262
1.1295355796813964,0.152353386135192,0.011503934860229492,0.0033472012533332643,54.571234261823506,lbfgs,"OrderedDict({'C': 54.571234261823506, 'solver': 'lbfgs'})",0.9175,0.90875,0.9025,0.9025,0.90375,0.907,0.005733672470589851,259
8.463793325424195,0.2764307111271815,0.00332183837890625,0.0019854493200426398,220526.18400973137,saga,"OrderedDict({'C': 220526.18400973137, 'solver': 'saga'})",0.9425,0.94,0.94125,0.935,0.94375,0.9404999999999999,0.003020761493398623,181
3.9623084545135496,0.3729817423914645,0.006418609619140625,0.0017405012372977717,0.009035889176244233,newton-cg,"OrderedDict({'C': 0.009035889176244233, 'solver': 'newton-cg'})",0.95,0.94625,0.94875,0.94625,0.955,0.9492499999999999,0.0032210246816812525,86
3.541097640991211,0.3163711242078803,0.014119529724121093,0.005448229534601245,3447.2740334594973,newton-cg,"OrderedDict({'C': 3447.2740334594973, 'solver': 'newton-cg'})",0.9425,0.9375,0.93625,0.93125,0.94,0.9375,0.0037914377220257603,206
4.370483446121216,0.13036404268723695,0.0025662899017333983,0.0020723688637964894,0.033253327103907195,newton-cg,"OrderedDict({'C': 0.033253327103907195, 'solver': 'newton-cg'})",0.955,0.94625,0.94625,0.94375,0.9575,0.9497500000000001,0.005442885264269303,41
4.211156415939331,0.20552974426589135,0.007441949844360351,0.004848844634932338,0.02389691016793081,newton-cg,"OrderedDict({'C': 0.02389691016793081, 'solver': 'newton-cg'})",0.955,0.94625,0.9475,0.945,0.955,0.9497499999999999,0.004358898943540658,63
3.787113666534424,0.5389062624992211,0.004623317718505859,0.0016783344327688959,0.025010116662732805,newton-cg,"OrderedDict({'C': 0.025010116662732805, 'solver': 'newton-cg'})",0.955,0.94625,0.9475,0.945,0.955,0.9497499999999999,0.004358898943540658,63
4.221010828018189,0.22865638278067116,0.004123830795288086,0.0021105105154144983,0.026686362514508677,newton-cg,"OrderedDict({'C': 0.026686362514508677, 'solver': 'newton-cg'})",0.95375,0.94625,0.94625,0.945,0.95875,0.95,0.005361902647381798,18
1.578551435470581,0.46298221316513793,0.013645315170288086,0.001985664177730553,2.1514262068839578e-05,lbfgs,"OrderedDict({'C': 2.1514262068839578e-05, 'solver': 'lbfgs'})",0.89375,0.8825,0.8775,0.88,0.8875,0.88425,0.005787918451395138,298
1.8147334575653076,0.4860036329756206,0.013383626937866211,0.007150922815790155,6.600534928609217e-05,lbfgs,"OrderedDict({'C': 6.600534928609217e-05, 'solver': 'lbfgs'})",0.89375,0.89,0.88,0.88125,0.8925,0.8875,0.005755432216610677,293
6.209005975723267,0.6255780626226242,0.0024324893951416016,0.001433575849581604,0.0647099459513108,sag,"OrderedDict({'C': 0.0647099459513108, 'solver': 'sag'})",0.94375,0.93875,0.93625,0.935,0.9425,0.93925,0.0034095454242464417,203
2.4327026844024657,0.5377215541935293,0.024054622650146483,0.008838948776929664,1.0072039236682008e-06,sag,"OrderedDict({'C': 1.0072039236682008e-06, 'solver': 'sag'})",0.9275,0.92875,0.925,0.91375,0.93375,0.9257500000000001,0.006642665127793217,241
2.5545122146606447,0.2374511974107701,0.01051797866821289,0.004032022341879195,0.2336376115712192,lbfgs,"OrderedDict({'C': 0.2336376115712192, 'solver': 'lbfgs'})",0.95,0.9475,0.94625,0.94125,0.9575,0.9484999999999999,0.00532681893816562,120
2.5346125602722167,0.6327516655287863,0.012266159057617188,0.0034821419010163317,0.009771363995585348,lbfgs,"OrderedDict({'C': 0.009771363995585348, 'solver': 'lbfgs'})",0.95125,0.94625,0.94875,0.94625,0.95625,0.9497500000000001,0.0037416573867739477,41
7.302538299560547,0.40324846013143256,0.0010587692260742188,0.001079581297526183,13.369366868236588,saga,"OrderedDict({'C': 13.369366868236588, 'solver': 'saga'})",0.94375,0.94125,0.94,0.93375,0.94375,0.9404999999999999,0.0036742346141747737,181
2.9989086151123048,0.17625929850480274,0.003631258010864258,0.0033085931708998345,63.54737690631966,newton-cg,"OrderedDict({'C': 63.54737690631966, 'solver': 'newton-cg'})",0.9425,0.935,0.9375,0.93125,0.93875,0.9369999999999999,0.003758324094593214,227
2.8770423889160157,0.2657453205971199,0.008838129043579102,0.0015816388186276002,0.000178293043936847,newton-cg,"OrderedDict({'C': 0.000178293043936847, 'solver': 'newton-cg'})",0.90625,0.91,0.8975,0.8925,0.905,0.9022500000000001,0.006344288770224788,281
3.052328109741211,0.16390083148666784,0.005987691879272461,0.0029945244963485336,3.611276792614247e-05,newton-cg,"OrderedDict({'C': 3.611276792614247e-05, 'solver': 'newton-cg'})",0.89,0.885,0.8775,0.87875,0.88625,0.8835000000000001,0.004703721930556704,300
2.322832489013672,0.21290986232597012,0.01494894027709961,0.0026288514017822674,8.918310453379397e-06,newton-cg,"OrderedDict({'C': 8.918310453379397e-06, 'solver': 'newton-cg'})",0.8975,0.89625,0.88875,0.88375,0.89875,0.893,0.005787918451395099,287
3.0374990463256837,0.2591324589698985,0.006696176528930664,0.009354627975036795,16259.13477116061,newton-cg,"OrderedDict({'C': 16259.13477116061, 'solver': 'newton-cg'})",0.9425,0.9375,0.93625,0.93125,0.94,0.9375,0.0037914377220257603,206
2.98138313293457,0.1265811491060461,0.005851173400878906,0.0036910352910735317,0.0005121133650434526,newton-cg,"OrderedDict({'C': 0.0005121133650434526, 'solver': 'newton-cg'})",0.9225,0.93,0.9225,0.91375,0.92375,0.9225,0.005184110338331959,246
5.4873003482818605,0.6031602337645193,0.0027112960815429688,0.0014756573379827037,254.9757870063068,sag,"OrderedDict({'C': 254.9757870063068, 'solver': 'sag'})",0.9425,0.94,0.94125,0.935,0.945,0.9407500000000001,0.003316624790355373,169
5.296279764175415,0.2515054004164065,0.002623319625854492,0.001673169541548267,38.686400626557706,sag,"OrderedDict({'C': 38.686400626557706, 'solver': 'sag'})",0.9425,0.9425,0.9425,0.93625,0.94375,0.9414999999999999,0.0026692695630078146,152
5.16859622001648,0.515582676232724,0.004171228408813477,0.0035597479542841446,0.0030151380723632613,sag,"OrderedDict({'C': 0.0030151380723632613, 'solver': 'sag'})",0.9425,0.93875,0.94125,0.93125,0.9425,0.93925,0.004227883631321937,203
6.848915052413941,0.22413082731893716,0.002227020263671875,0.0028255716602813676,1139.9844719889445,saga,"OrderedDict({'C': 1139.9844719889445, 'solver': 'saga'})",0.9425,0.94125,0.93875,0.935,0.9425,0.9400000000000001,0.0028504385627478326,192
1.6255120754241943,0.2606619234721115,0.00286407470703125,0.0023584864918078674,1.0042501981386583e-06,saga,"OrderedDict({'C': 1.0042501981386583e-06, 'solver': 'saga'})",0.92,0.93,0.92375,0.91,0.92875,0.9225000000000001,0.007202430145443956,245
1.1584301471710206,0.0843356942821621,0.0051901817321777345,0.002065723464180686,347.41698877724065,newton-cg,"OrderedDict({'C': 347.41698877724065, 'solver': 'newton-cg'})",0.9425,0.93625,0.93625,0.93125,0.94,0.93725,0.0038242646351945722,225
0.7762796878814697,0.10706115396477472,0.003858804702758789,0.00222039934669401,0.0057927242160333665,lbfgs,"OrderedDict({'C': 0.0057927242160333665, 'solver': 'lbfgs'})",0.95125,0.95125,0.9475,0.945,0.95375,0.9497500000000001,0.003102418411497732,41
5.347146272659302,0.28302186478624475,0.004935932159423828,0.004282648236253676,0.009108722085420034,sag,"OrderedDict({'C': 0.009108722085420034, 'solver': 'sag'})",0.94375,0.93875,0.94125,0.93,0.94375,0.9395,0.005099019513592762,200
6.937220764160156,0.08519855696885552,0.0016433238983154298,0.002207551166017153,403.6345071743807,saga,"OrderedDict({'C': 403.6345071743807, 'solver': 'saga'})",0.945,0.94,0.94125,0.93625,0.94375,0.9412499999999999,0.003061862178478953,154
5.423016500473023,0.39257523259563454,0.0012497425079345704,0.0010509391163699992,196127.92938298208,sag,"OrderedDict({'C': 196127.92938298208, 'solver': 'sag'})",0.94375,0.9425,0.94125,0.9375,0.94125,0.9412499999999999,0.0020916500663351843,154
2.383432149887085,0.33775703184268424,0.012288188934326172,0.008743668302316964,0.05823691892307835,lbfgs,"OrderedDict({'C': 0.05823691892307835, 'solver': 'lbfgs'})",0.95625,0.945,0.945,0.945,0.9575,0.9497499999999999,0.0058309518948453385,63
6.183805513381958,0.16677168067250372,0.002612590789794922,0.0013776213286274001,6045.3690184068355,sag,"OrderedDict({'C': 6045.3690184068355, 'solver': 'sag'})",0.945,0.9425,0.94125,0.93375,0.9425,0.9410000000000001,0.0038242646351945913,163
6.086882305145264,0.26021539625302414,0.00202789306640625,0.0010616947777108013,8273.08529022218,sag,"OrderedDict({'C': 8273.08529022218, 'solver': 'sag'})",0.945,0.94375,0.93875,0.9375,0.94125,0.9412499999999999,0.0028504385627478326,154
2.831795310974121,0.1747727604513128,0.0034334659576416016,0.0037071134688732295,2.6718020001031624,newton-cg,"OrderedDict({'C': 2.6718020001031624, 'solver': 'newton-cg'})",0.9425,0.94125,0.9375,0.94375,0.94375,0.9417500000000001,0.0023184046238739174,147
2.567296361923218,0.14024984140133046,0.008466339111328125,0.0026085824158930543,344001.2258306426,newton-cg,"OrderedDict({'C': 344001.2258306426, 'solver': 'newton-cg'})",0.9425,0.9375,0.93625,0.93125,0.94,0.9375,0.0037914377220257603,206
5.828776931762695,0.2325409724534959,0.0017605304718017578,0.0010579468629790608,6.766900980183866,sag,"OrderedDict({'C': 6.766900980183866, 'solver': 'sag'})",0.94125,0.94,0.9375,0.9375,0.94625,0.9405000000000001,0.003221024681681297,175
7.578765964508056,0.25760028039244914,0.0007096767425537109,0.000988222383072146,4.259285132589711,saga,"OrderedDict({'C': 4.259285132589711, 'solver': 'saga'})",0.9425,0.94125,0.94125,0.935,0.9425,0.9405000000000001,0.0028062430400804398,175
2.4907668590545655,0.19773038365910753,0.004305124282836914,0.002706290679758546,4.114952850160723,newton-cg,"OrderedDict({'C': 4.114952850160723, 'solver': 'newton-cg'})",0.9425,0.935,0.9375,0.93125,0.93875,0.9369999999999999,0.003758324094593214,227
2.6091161727905274,0.15572996192110103,0.006666946411132813,0.00707910857333099,3.9595536457915936,newton-cg,"OrderedDict({'C': 3.9595536457915936, 'solver': 'newton-cg'})",0.9425,0.935,0.9375,0.93125,0.93875,0.9369999999999999,0.003758324094593214,227
1.161030387878418,0.3121057686420566,0.010736989974975585,0.0033229479837450604,17286.800656960782,lbfgs,"OrderedDict({'C': 17286.800656960782, 'solver': 'lbfgs'})",0.9175,0.90875,0.9025,0.90125,0.90375,0.90675,0.0059476886266851495,262
1.6069737911224364,0.30106191717248965,0.006293773651123047,0.004597280897728135,0.03137652462106183,lbfgs,"OrderedDict({'C': 0.03137652462106183, 'solver': 'lbfgs'})",0.955,0.94625,0.94625,0.94375,0.9575,0.9497500000000001,0.005442885264269303,41
7.029755926132202,0.1909951476981063,0.0022460460662841798,0.002762596673371677,0.13866543248173976,saga,"OrderedDict({'C': 0.13866543248173976, 'solver': 'saga'})",0.9425,0.93875,0.94125,0.93375,0.9425,0.9397500000000001,0.003297726489568247,198
7.219225835800171,0.058426557527322745,0.005234622955322265,0.0033201081923571536,0.0466124294224989,saga,"OrderedDict({'C': 0.0466124294224989, 'solver': 'saga'})",0.94375,0.93875,0.9375,0.9325,0.9425,0.9390000000000001,0.003984344362627304,205
6.88825044631958,0.27792957356873527,0.0019883632659912108,0.0019035553309856967,59903.17321372586,saga,"OrderedDict({'C': 59903.17321372586, 'solver': 'saga'})",0.9425,0.93875,0.94,0.935,0.94375,0.9400000000000001,0.003061862178478953,192
1.6150070667266845,0.27198429375368,0.0044857501983642575,0.003311846709787892,0.08469178104744135,lbfgs,"OrderedDict({'C': 0.08469178104744135, 'solver': 'lbfgs'})",0.955,0.94625,0.945,0.94375,0.95875,0.9497500000000001,0.005989574275355468,41
6.772497987747192,0.1606300191918621,0.004233694076538086,0.0038441401412657433,0.001768587810402171,saga,"OrderedDict({'C': 0.001768587810402171, 'solver': 'saga'})",0.93375,0.93625,0.92875,0.91875,0.935,0.9305,0.006403124237432876,239
7.0778953552246096,0.16029514685289503,0.002845096588134766,0.002897699923746111,4226.397340039638,saga,"OrderedDict({'C': 4226.397340039638, 'solver': 'saga'})",0.94375,0.94125,0.94125,0.93625,0.9425,0.9410000000000001,0.0025495097567963796,163
1.624819564819336,0.2605237294884017,0.009484195709228515,0.009457964239840716,0.0820704103247035,lbfgs,"OrderedDict({'C': 0.0820704103247035, 'solver': 'lbfgs'})",0.955,0.945,0.945,0.94375,0.95875,0.9494999999999999,0.006154266812545594,75
1.6389564037323,0.18400578500931733,0.0042706489562988285,0.0012546628305537646,0.08199566465914435,lbfgs,"OrderedDict({'C': 0.08199566465914435, 'solver': 'lbfgs'})",0.955,0.9425,0.945,0.94375,0.9575,0.9487500000000001,0.006224949798994372,113
1.6320036888122558,0.20844478606021474,0.0044724464416503905,0.002685721235785463,0.08199793567379593,lbfgs,"OrderedDict({'C': 0.08199793567379593, 'solver': 'lbfgs'})",0.955,0.945,0.945,0.94375,0.9575,0.9492499999999999,0.005787918451395128,86
2.146385335922241,0.15353948261788897,0.007905340194702149,0.000982466914552894,0.03407286518768541,lbfgs,"OrderedDict({'C': 0.03407286518768541, 'solver': 'lbfgs'})",0.955,0.94625,0.94625,0.945,0.9575,0.95,0.005184110338331927,18
2.384512996673584,0.07946286561205809,0.004370498657226563,0.0025356240078418194,0.03395893547956239,lbfgs,"OrderedDict({'C': 0.03395893547956239, 'solver': 'lbfgs'})",0.955,0.94625,0.94625,0.94375,0.9575,0.9497500000000001,0.005442885264269303,41
2.2083927631378173,0.17248159764282037,0.008787107467651368,0.0026597378596847393,0.0342944615125946,lbfgs,"OrderedDict({'C': 0.0342944615125946, 'solver': 'lbfgs'})",0.955,0.94625,0.94625,0.94375,0.9575,0.9497500000000001,0.005442885264269303,41
2.3330745697021484,0.09573359658057591,0.008460187911987304,0.003050229120336708,0.03436134336949373,lbfgs,"OrderedDict({'C': 0.03436134336949373, 'solver': 'lbfgs'})",0.955,0.94625,0.94625,0.94375,0.9575,0.9497500000000001,0.005442885264269303,41
2.091035842895508,0.20829333488091717,0.010122585296630859,0.0038439404573381835,0.03457048500807876,lbfgs,"OrderedDict({'C': 0.03457048500807876, 'solver': 'lbfgs'})",0.955,0.94625,0.94625,0.94375,0.9575,0.9497500000000001,0.005442885264269303,41
1.0970087051391602,0.17799779897087983,0.013066482543945313,0.002974800096958901,3.2189075044472286e-06,lbfgs,"OrderedDict({'C': 3.2189075044472286e-06, 'solver': 'lbfgs'})",0.90875,0.91375,0.90875,0.89375,0.9125,0.9075,0.007158910531638144,258
1.4749959468841554,0.23911019026306635,0.027973651885986328,0.015412832072079942,3.1253044676683642e-06,lbfgs,"OrderedDict({'C': 3.1253044676683642e-06, 'solver': 'lbfgs'})",0.90875,0.91375,0.91,0.89375,0.9125,0.9077499999999998,0.007219764539096798,257
1.2414209365844726,0.23436032107919152,0.016326236724853515,0.009778015491704636,5.665689825145421,lbfgs,"OrderedDict({'C': 5.665689825145421, 'solver': 'lbfgs'})",0.9175,0.91625,0.90875,0.905,0.90625,0.91075,0.005159941860137568,251
2.87042498588562,0.07667663916946874,0.003621816635131836,0.0015674969561707622,0.04815638763357848,newton-cg,"OrderedDict({'C': 0.04815638763357848, 'solver': 'newton-cg'})",0.95625,0.94625,0.945,0.94375,0.9575,0.9497500000000001,0.005884301147969933,41
1.276027774810791,0.36294608853490373,0.020497989654541016,0.013841762605816054,9.242794586669444,lbfgs,"OrderedDict({'C': 9.242794586669444, 'solver': 'lbfgs'})",0.9175,0.91,0.90875,0.905,0.90375,0.909,0.0048347699014534085,255
7.2408829689025875,0.21734624168111336,0.0007081508636474609,0.000678338867691293,1.2820135459950723,saga,"OrderedDict({'C': 1.2820135459950723, 'solver': 'saga'})",0.94125,0.94125,0.94125,0.93625,0.94375,0.9407499999999999,0.0024494897427831666,173
5.793548631668091,0.5420068668766297,0.0033718109130859374,0.0008675457186323725,0.0008812330864451151,sag,"OrderedDict({'C': 0.0008812330864451151, 'solver': 'sag'})",0.935,0.9375,0.9325,0.91875,0.93375,0.9315,0.006585969936159766,238
5.167560815811157,0.07956899323102887,0.0032207012176513673,0.002324500877755153,0.000631939191649002,sag,"OrderedDict({'C': 0.000631939191649002, 'solver': 'sag'})",0.93,0.935,0.92625,0.915,0.92875,0.9269999999999999,0.006642665127793213,240
5.296953916549683,0.24477128168563098,0.004410409927368164,0.0030631210754723157,0.1940426696041779,sag,"OrderedDict({'C': 0.1940426696041779, 'solver': 'sag'})",0.9425,0.94,0.94,0.93375,0.945,0.94025,0.003741657386773942,185
5.0583899974822994,0.23280420292489978,0.003809022903442383,0.0026075637519603493,96.73371794357935,sag,"OrderedDict({'C': 96.73371794357935, 'solver': 'sag'})",0.94375,0.94375,0.9425,0.93625,0.945,0.9422500000000001,0.003102418411497691,139
0.7207320213317872,0.12645449535261033,0.0028174877166748046,0.001938879281413427,3.5771966282530925e-06,sag,"OrderedDict({'C': 3.5771966282530925e-06, 'solver': 'sag'})",0.9075,0.91375,0.9075,0.89375,0.90875,0.90625,0.006661456297237081,277
0.9254216194152832,0.0735352267736879,0.0013697147369384766,0.0013298918757046318,6.46184149128422e-06,sag,"OrderedDict({'C': 6.46184149128422e-06, 'solver': 'sag'})",0.90125,0.90375,0.895,0.88875,0.90125,0.898,0.0054543560573178515,284
5.721469497680664,0.40037937496091114,0.005576992034912109,0.003479476559889878,473949.441128401,sag,"OrderedDict({'C': 473949.441128401, 'solver': 'sag'})",0.94375,0.94,0.9425,0.93625,0.94375,0.9412499999999999,0.0028504385627478326,154
0.9642688274383545,0.11276108201670336,0.0030278682708740233,0.001289546868749818,4.859929312067842e-06,sag,"OrderedDict({'C': 4.859929312067842e-06, 'solver': 'sag'})",0.905,0.90875,0.905,0.89125,0.90625,0.9032499999999999,0.006154266812545584,280
5.266216564178467,0.2613309649934207,0.003610086441040039,0.0031774612282707898,0.0229972251417166,sag,"OrderedDict({'C': 0.0229972251417166, 'solver': 'sag'})",0.94,0.93375,0.9375,0.93,0.94,0.93625,0.0038729833462073844,234
2.9464630603790285,0.24079421570947535,0.016351079940795897,0.00958088470546419,0.009709617611494897,lbfgs,"OrderedDict({'C': 0.009709617611494897, 'solver': 'lbfgs'})",0.95125,0.94625,0.9475,0.94625,0.95625,0.9494999999999999,0.0038405728739343108,75
3.2915245056152345,0.46833714710183727,0.00816655158996582,0.003553741714660748,0.0096930887414893,lbfgs,"OrderedDict({'C': 0.0096930887414893, 'solver': 'lbfgs'})",0.95125,0.94625,0.9475,0.94625,0.95625,0.9494999999999999,0.0038405728739343108,75
2.479784631729126,0.31421991050831677,0.023096847534179687,0.010950564591058714,0.009618381150233628,lbfgs,"OrderedDict({'C': 0.009618381150233628, 'solver': 'lbfgs'})",0.95125,0.945,0.94875,0.94625,0.95625,0.9494999999999999,0.004000000000000024,75
2.4313916683197023,0.4208080348316651,0.01571230888366699,0.0038504851266617343,0.009524685774458298,lbfgs,"OrderedDict({'C': 0.009524685774458298, 'solver': 'lbfgs'})",0.95125,0.945,0.94875,0.94625,0.955,0.9492499999999999,0.0035881750236018287,86
4.039086627960205,0.44881181760190747,0.008156204223632812,0.005011911503641501,1113.6588040665226,newton-cg,"OrderedDict({'C': 1113.6588040665226, 'solver': 'newton-cg'})",0.9425,0.9375,0.93625,0.93125,0.94,0.9375,0.0037914377220257603,206
4.5990723133087155,0.18203996656428514,0.005075263977050781,0.00300345500137394,0.03295610486893724,newton-cg,"OrderedDict({'C': 0.03295610486893724, 'solver': 'newton-cg'})",0.955,0.94625,0.94625,0.94375,0.9575,0.9497500000000001,0.005442885264269303,41
4.504317808151245,0.3387769465341919,0.002507734298706055,0.0023021378807282365,0.033368933464274324,newton-cg,"OrderedDict({'C': 0.033368933464274324, 'solver': 'newton-cg'})",0.955,0.94625,0.94625,0.94375,0.95625,0.9495000000000001,0.005099019513592784,70
4.665249013900757,0.1165908013984887,0.004254198074340821,0.002454176764006892,0.03378192781619489,newton-cg,"OrderedDict({'C': 0.03378192781619489, 'solver': 'newton-cg'})",0.955,0.94625,0.94625,0.94375,0.9575,0.9497500000000001,0.005442885264269303,41
2.5941848754882812,0.4266121657540331,0.019035196304321288,0.01331327824212574,0.0018516292219077427,lbfgs,"OrderedDict({'C': 0.0018516292219077427, 'solver': 'lbfgs'})",0.94375,0.94875,0.94125,0.93625,0.9475,0.9435,0.004499999999999986,136
4.600365161895752,0.24041317535209483,0.00514531135559082,0.0032239133269871697,0.41146202081453737,newton-cg,"OrderedDict({'C': 0.41146202081453737, 'solver': 'newton-cg'})",0.95,0.95,0.94625,0.94375,0.955,0.9490000000000001,0.0038242646351945722,99
5.204767465591431,0.24255642625513715,0.0006124496459960938,0.0005001969150815355,2460.7568950249415,sag,"OrderedDict({'C': 2460.7568950249415, 'solver': 'sag'})",0.94125,0.945,0.9375,0.94,0.94375,0.9414999999999999,0.0026692695630078167,152
0.98402419090271,0.3377447169322292,0.012100601196289062,0.011153471780605021,317692.9936965041,lbfgs,"OrderedDict({'C': 317692.9936965041, 'solver': 'lbfgs'})",0.9175,0.90875,0.9025,0.90125,0.90375,0.90675,0.0059476886266851495,262
1.2483947277069092,0.1237591811133933,0.0058857440948486325,0.0020097751109225165,0.00027283131406576733,lbfgs,"OrderedDict({'C': 0.00027283131406576733, 'solver': 'lbfgs'})",0.91375,0.92,0.9075,0.9,0.91125,0.9105000000000001,0.006642665127793213,252
1.2473411083221435,0.18398098276682545,0.005633783340454101,0.0039051244462677717,0.000296391517709658,lbfgs,"OrderedDict({'C': 0.000296391517709658, 'solver': 'lbfgs'})",0.9175,0.9225,0.91125,0.90125,0.91375,0.91325,0.0070975347832891895,249
0.7955455303192138,0.278542559249699,0.009040594100952148,0.004024012422963489,220465.5326279629,lbfgs,"OrderedDict({'C': 220465.5326279629, 'solver': 'lbfgs'})",0.9175,0.90875,0.9025,0.90125,0.90375,0.90675,0.0059476886266851495,262
1.7093299865722655,0.11022462162283841,0.0037131309509277344,0.002345041992694911,24.616547505763705,newton-cg,"OrderedDict({'C': 24.616547505763705, 'solver': 'newton-cg'})",0.9425,0.935,0.9375,0.93125,0.93875,0.9369999999999999,0.003758324094593214,227
7.14631724357605,0.17644062780673672,0.0015867233276367187,0.00106192951297012,151.83336765165535,saga,"OrderedDict({'C': 151.83336765165535, 'solver': 'saga'})",0.94375,0.94,0.94,0.935,0.9425,0.94025,0.0029999999999999784,185
5.07354211807251,0.11607544347486119,0.0032686233520507813,0.0021001188127036563,21.082710695647968,sag,"OrderedDict({'C': 21.082710695647968, 'solver': 'sag'})",0.94375,0.94,0.94,0.93625,0.94125,0.94025,0.0024238399287081543,185
1.5184507369995117,0.03436957727810602,0.002908182144165039,0.001899268029001973,0.38074604767347187,lbfgs,"OrderedDict({'C': 0.38074604767347187, 'solver': 'lbfgs'})",0.9475,0.9475,0.9425,0.94375,0.955,0.94725,0.004358898943540662,127
6.852898502349854,0.10686295131699183,0.004182195663452149,0.002412747147031205,25.902937559682954,saga,"OrderedDict({'C': 25.902937559682954, 'solver': 'saga'})",0.94,0.94125,0.94125,0.9375,0.9425,0.9405000000000001,0.0016955824957813267,175
4.188839673995972,0.30294268017667,0.0075242042541503905,0.0021282343907516967,0.001620838476362783,newton-cg,"OrderedDict({'C': 0.001620838476362783, 'solver': 'newton-cg'})",0.94375,0.94625,0.94125,0.9325,0.945,0.9417500000000001,0.004911720676097124,147
3.550233554840088,0.4316841352668851,0.01517019271850586,0.005599236459053782,0.026646089093409646,lbfgs,"OrderedDict({'C': 0.026646089093409646, 'solver': 'lbfgs'})",0.95625,0.94625,0.9475,0.945,0.9575,0.9504999999999999,0.005279678020485737,2
5.217503881454467,0.15464416410525703,0.005401039123535156,0.0046781355131778725,0.12963512019494663,newton-cg,"OrderedDict({'C': 0.12963512019494663, 'solver': 'newton-cg'})",0.95375,0.945,0.945,0.9425,0.9575,0.9487500000000001,0.005809475019311141,113
4.703058481216431,0.4319155599480169,0.0064544677734375,0.004289893045720146,0.010487803993242742,newton-cg,"OrderedDict({'C': 0.010487803993242742, 'solver': 'newton-cg'})",0.95,0.945,0.9475,0.945,0.955,0.9484999999999999,0.003741657386773942,120
4.921862173080444,0.1833524624876219,0.004322624206542969,0.0034512934762239347,1.1743594848142258,newton-cg,"OrderedDict({'C': 1.1743594848142258, 'solver': 'newton-cg'})",0.94375,0.94125,0.94,0.9425,0.95625,0.94475,0.005884301147969933,135
2.293123197555542,0.45234357395561525,0.015447473526000977,0.003974686443781593,0.02561476067795821,lbfgs,"OrderedDict({'C': 0.02561476067795821, 'solver': 'lbfgs'})",0.955,0.94625,0.9475,0.945,0.95625,0.95,0.004677071733467434,18
2.58186411857605,0.5035265268108385,0.01634368896484375,0.011239287769436876,0.025389490567555642,lbfgs,"OrderedDict({'C': 0.025389490567555642, 'solver': 'lbfgs'})",0.955,0.94625,0.9475,0.945,0.9575,0.9502499999999999,0.005024937810560446,5
4.416269016265869,0.289198913935759,0.009308958053588867,0.0038609821576927237,0.005110450303121795,newton-cg,"OrderedDict({'C': 0.005110450303121795, 'solver': 'newton-cg'})",0.95125,0.95125,0.94625,0.945,0.95625,0.95,0.004031128874149299,18
3.2162901878356935,0.5506246153297273,0.017429399490356445,0.00517880961328782,0.18757608548580545,lbfgs,"OrderedDict({'C': 0.18757608548580545, 'solver': 'lbfgs'})",0.9525,0.94875,0.9475,0.94125,0.9575,0.9495000000000001,0.005396758286230723,70
5.295638990402222,0.1956943362133018,0.0009332180023193359,0.0018664360046386718,0.3676110395689213,newton-cg,"OrderedDict({'C': 0.3676110395689213, 'solver': 'newton-cg'})",0.95,0.95,0.94375,0.94375,0.95875,0.9492499999999999,0.0055113519212621545,86
1.15048189163208,0.28176082129903973,0.004420757293701172,0.003936267514220946,0.00862411076448794,lbfgs,"OrderedDict({'C': 0.00862411076448794, 'solver': 'lbfgs'})",0.95,0.9475,0.94875,0.94625,0.955,0.9494999999999999,0.003020761493398619,75
5.510820627212524,0.21719088394649277,0.0021865367889404297,0.001814224880607846,92020.75860061901,sag,"OrderedDict({'C': 92020.75860061901, 'solver': 'sag'})",0.9425,0.94375,0.94,0.9375,0.9425,0.9412499999999999,0.0022360679774997916,154
1.5161257266998291,0.3247825721616998,0.0018977642059326172,0.002470273812708232,7720.203580727009,newton-cg,"OrderedDict({'C': 7720.203580727009, 'solver': 'newton-cg'})",0.9425,0.9375,0.93625,0.93125,0.94,0.9375,0.0037914377220257603,206
5.68784990310669,0.4445053942199131,0.0017261028289794922,0.0020344901094273733,78013.38271675343,sag,"OrderedDict({'C': 78013.38271675343, 'solver': 'sag'})",0.94625,0.94375,0.94125,0.93625,0.9425,0.942,0.003316624790355396,142
5.645087337493896,0.6172814864573017,0.0017104625701904296,0.0025329440041754014,82927.7223317278,sag,"OrderedDict({'C': 82927.7223317278, 'solver': 'sag'})",0.94375,0.94125,0.94125,0.93875,0.945,0.942,0.0021794494717703233,142
5.808138751983643,0.4598631961478752,0.002157163619995117,0.0014935634440161173,84401.3845377332,sag,"OrderedDict({'C': 84401.3845377332, 'solver': 'sag'})",0.94375,0.94375,0.9425,0.93875,0.9425,0.9422499999999999,0.0018371173070873869,140
7.517814016342163,0.28767666181735335,0.0010023117065429688,0.0012350548179415031,8571.387137282976,saga,"OrderedDict({'C': 8571.387137282976, 'solver': 'saga'})",0.94,0.9425,0.94,0.93625,0.9425,0.94025,0.0022912878474779146,185
7.175934886932373,0.23886884794658186,0.0020663261413574217,0.0019154615855556077,8143.945822813906,saga,"OrderedDict({'C': 8143.945822813906, 'solver': 'saga'})",0.9425,0.94,0.94,0.935,0.9425,0.9400000000000001,0.002738612787525813,192
1.4074479579925536,0.17360187426074136,0.002466583251953125,0.0017535103134057454,8169.278413304482,newton-cg,"OrderedDict({'C': 8169.278413304482, 'solver': 'newton-cg'})",0.9425,0.9375,0.93625,0.93125,0.94,0.9375,0.0037914377220257603,206
7.610456848144532,0.26081025608078906,0.003177165985107422,0.001703325370025626,8146.007498922754,saga,"OrderedDict({'C': 8146.007498922754, 'solver': 'saga'})",0.94375,0.9425,0.9425,0.9375,0.9425,0.9417500000000001,0.0021794494717703337,147
7.903995180130005,0.31454936230450686,0.00418248176574707,0.004375809540613351,522028.0820239676,saga,"OrderedDict({'C': 522028.0820239676, 'solver': 'saga'})",0.94125,0.94125,0.9425,0.93375,0.9425,0.94025,0.003297726489568247,185
6.015841817855835,0.18323541377480104,0.0021704673767089845,0.0020283367798251246,488952.23607871536,sag,"OrderedDict({'C': 488952.23607871536, 'solver': 'sag'})",0.94,0.9425,0.94125,0.9375,0.9425,0.9407500000000001,0.0018708286933869784,169
2.3944268226623535,0.27362192777055894,0.007989072799682617,0.0029152361429451183,0.02600386430440022,lbfgs,"OrderedDict({'C': 0.02600386430440022, 'solver': 'lbfgs'})",0.955,0.94625,0.9475,0.945,0.9575,0.9502499999999999,0.005024937810560446,5
2.2841235160827638,0.17277411365922124,0.011200952529907226,0.0026559852800410594,0.025675723405204246,lbfgs,"OrderedDict({'C': 0.025675723405204246, 'solver': 'lbfgs'})",0.955,0.94625,0.94625,0.945,0.9575,0.95,0.005184110338331927,18
2.169732761383057,0.5643004011609906,0.008150720596313476,0.0012401483381962895,0.025419131420870062,lbfgs,"OrderedDict({'C': 0.025419131420870062, 'solver': 'lbfgs'})",0.955,0.94625,0.94875,0.945,0.95625,0.9502499999999999,0.004568916720624276,5
3.7263902187347413,0.08857556243997919,0.0018580436706542968,0.0026821596285194014,0.10971433006714157,newton-cg,"OrderedDict({'C': 0.10971433006714157, 'solver': 'newton-cg'})",0.955,0.94375,0.94625,0.94375,0.9575,0.9492499999999999,0.005841660722773963,86
3.4484813690185545,0.29529214049342534,0.0034704685211181642,0.0020802410193139506,0.009282707898211931,newton-cg,"OrderedDict({'C': 0.009282707898211931, 'solver': 'newton-cg'})",0.95125,0.94625,0.94875,0.94625,0.955,0.9494999999999999,0.0033166247903553777,75
3.463397979736328,0.1955456068311198,0.0033582210540771484,0.002546670467660555,0.2187725085715073,newton-cg,"OrderedDict({'C': 0.2187725085715073, 'solver': 'newton-cg'})",0.9525,0.94875,0.94375,0.94,0.9575,0.9484999999999999,0.006194755846681959,120
2.355148506164551,0.3438049434566446,0.010971689224243164,0.004464422857608553,0.025482161776087607,lbfgs,"OrderedDict({'C': 0.025482161776087607, 'solver': 'lbfgs'})",0.95625,0.94625,0.9475,0.945,0.95625,0.9502499999999999,0.004962358310319827,5
2.368282127380371,0.4392176358867261,0.012468433380126953,0.005984192871066751,0.025329853213951165,lbfgs,"OrderedDict({'C': 0.025329853213951165, 'solver': 'lbfgs'})",0.955,0.94625,0.9475,0.945,0.9575,0.9502499999999999,0.005024937810560446,5
3.9032875537872314,0.16070384840584553,0.009927034378051758,0.00530788853698068,146.63636053985104,newton-cg,"OrderedDict({'C': 146.63636053985104, 'solver': 'newton-cg'})",0.9425,0.9375,0.9375,0.93125,0.93875,0.9375,0.003622844186547352,206
4.105981540679932,0.25365792489611994,0.0030832767486572267,0.0016565150917228026,150.26454707459638,newton-cg,"OrderedDict({'C': 150.26454707459638, 'solver': 'newton-cg'})",0.9425,0.9375,0.9375,0.93125,0.93875,0.9375,0.003622844186547352,206
3.5956387519836426,0.48655277775478184,0.011089038848876954,0.005804474846022953,150.0650383614542,newton-cg,"OrderedDict({'C': 150.0650383614542, 'solver': 'newton-cg'})",0.9425,0.9375,0.9375,0.93125,0.93875,0.9375,0.003622844186547352,206
4.012924528121948,0.08814398727252744,0.009114265441894531,0.0029732925182842126,149.68116811695123,newton-cg,"OrderedDict({'C': 149.68116811695123, 'solver': 'newton-cg'})",0.9425,0.9375,0.9375,0.93125,0.93875,0.9375,0.003622844186547352,206
3.723008871078491,0.42282450165397867,0.00562901496887207,0.0043041198523883295,147.78188305750456,newton-cg,"OrderedDict({'C': 147.78188305750456, 'solver': 'newton-cg'})",0.9425,0.9375,0.9375,0.93125,0.93875,0.9375,0.003622844186547352,206
3.7944663524627686,0.4737943977706207,0.0045983314514160155,0.004175008977094842,153.7686050130968,newton-cg,"OrderedDict({'C': 153.7686050130968, 'solver': 'newton-cg'})",0.9425,0.9375,0.9375,0.93125,0.93875,0.9375,0.003622844186547352,206
2.5085604190826416,0.4149298872610663,0.01349778175354004,0.00467683894449073,0.02803751494676264,lbfgs,"OrderedDict({'C': 0.02803751494676264, 'solver': 'lbfgs'})",0.955,0.94625,0.94625,0.945,0.9575,0.95,0.005184110338331927,18
3.0430180549621584,0.5454887410841905,0.014074087142944336,0.008191318199220348,0.028008465812202857,lbfgs,"OrderedDict({'C': 0.028008465812202857, 'solver': 'lbfgs'})",0.955,0.94625,0.94625,0.945,0.9575,0.95,0.005184110338331927,18
3.89654655456543,0.2173626908894096,0.008919811248779297,0.004500395885885997,37338.55647628604,newton-cg,"OrderedDict({'C': 37338.55647628604, 'solver': 'newton-cg'})",0.9425,0.9375,0.93625,0.93125,0.94,0.9375,0.0037914377220257603,206
2.538565254211426,0.4077649070879271,0.013480806350708007,0.0030176768781474666,2.4567641025004816e-06,newton-cg,"OrderedDict({'C': 2.4567641025004816e-06, 'solver': 'newton-cg'})",0.91375,0.915,0.91,0.89875,0.9175,0.9109999999999999,0.006585969936159723,250
2.6405951976776123,0.4421784013894088,0.009367942810058594,0.0024276843850350887,0.008296392535843147,lbfgs,"OrderedDict({'C': 0.008296392535843147, 'solver': 'lbfgs'})",0.95,0.9475,0.94875,0.94625,0.95375,0.9492499999999999,0.002573907535246734,86
2.3603729248046874,0.4804956529805034,0.00752711296081543,0.0016668976056474266,0.008387479191602893,lbfgs,"OrderedDict({'C': 0.008387479191602893, 'solver': 'lbfgs'})",0.95,0.94625,0.94875,0.94625,0.95375,0.9490000000000001,0.0027838821814149895,99
5.888078117370606,0.2045380239353907,0.002031278610229492,0.002647280443008314,575.3871543099992,sag,"OrderedDict({'C': 575.3871543099992, 'solver': 'sag'})",0.94625,0.9425,0.9375,0.94,0.945,0.9422499999999999,0.0032015621187164323,140
3.0322498798370363,0.4645510133411954,0.004943561553955078,0.003445658502146942,0.005637386315058157,newton-cg,"OrderedDict({'C': 0.005637386315058157, 'solver': 'newton-cg'})",0.95125,0.95125,0.9475,0.945,0.95375,0.9497500000000001,0.003102418411497732,41
3.1851690292358397,0.16829687682210326,0.006467628479003906,0.0038644298264430086,0.005644119141821304,newton-cg,"OrderedDict({'C': 0.005644119141821304, 'solver': 'newton-cg'})",0.95125,0.95125,0.9475,0.945,0.95375,0.9497500000000001,0.003102418411497732,41
3.234178161621094,0.2009700467090831,0.005019474029541016,0.004196198724496674,0.005643689845194709,newton-cg,"OrderedDict({'C': 0.005643689845194709, 'solver': 'newton-cg'})",0.95125,0.95125,0.9475,0.945,0.95375,0.9497500000000001,0.003102418411497732,41
3.3147807121276855,0.1490240603670989,0.004229831695556641,0.002914534380099362,0.005641296996042982,newton-cg,"OrderedDict({'C': 0.005641296996042982, 'solver': 'newton-cg'})",0.95125,0.95125,0.9475,0.945,0.95375,0.9497500000000001,0.003102418411497732,41
1.4473429203033448,0.4137424637114142,0.011234092712402343,0.0012736661418006675,6906.320117714334,lbfgs,"OrderedDict({'C': 6906.320117714334, 'solver': 'lbfgs'})",0.9175,0.90875,0.9025,0.90125,0.90375,0.90675,0.0059476886266851495,262
1.0993887424468993,0.2588737251422882,0.014091777801513671,0.004780665115332701,5248.196560282916,lbfgs,"OrderedDict({'C': 5248.196560282916, 'solver': 'lbfgs'})",0.9175,0.90875,0.9025,0.90125,0.90375,0.90675,0.0059476886266851495,262
6.327005910873413,0.1484027833421336,0.003229522705078125,0.003013837995146757,5972.574848177995,sag,"OrderedDict({'C': 5972.574848177995, 'solver': 'sag'})",0.94125,0.9425,0.94,0.9375,0.945,0.9412499999999999,0.002499999999999991,154
0.7797265529632569,0.13907028794569964,0.00264592170715332,0.0019895165123473644,0.008272278589421202,lbfgs,"OrderedDict({'C': 0.008272278589421202, 'solver': 'lbfgs'})",0.95,0.9475,0.94875,0.94625,0.95375,0.9492499999999999,0.002573907535246734,86
5.008524084091187,0.1810279742442892,0.002302885055541992,0.0034900639992426555,18075.61075871187,sag,"OrderedDict({'C': 18075.61075871187, 'solver': 'sag'})",0.945,0.9425,0.9425,0.9375,0.9425,0.942,0.0024494897427831666,142
0.7492832183837891,0.07249496287113324,0.0013511180877685547,0.001884113190003019,0.00628716007784811,lbfgs,"OrderedDict({'C': 0.00628716007784811, 'solver': 'lbfgs'})",0.95,0.95,0.94875,0.94375,0.955,0.9494999999999999,0.003588175023601824,75
1.873071050643921,0.1243423207784039,0.0031395435333251955,0.00336127183205006,5.69663415746451e-06,saga,"OrderedDict({'C': 5.69663415746451e-06, 'solver': 'saga'})",0.90375,0.9075,0.90125,0.89,0.90625,0.90175,0.006254998001598395,282
2.407639217376709,0.17795225516803292,0.0020769119262695314,0.0019710481755068816,1.3369527836382946e-05,saga,"OrderedDict({'C': 1.3369527836382946e-05, 'solver': 'saga'})",0.895,0.89,0.88375,0.8825,0.895,0.88925,0.005338539126015669,289
3.304477167129517,0.0844466065865362,0.0016445636749267579,0.0008824951084716379,3.6797374521567086e-05,saga,"OrderedDict({'C': 3.6797374521567086e-05, 'solver': 'saga'})",0.8925,0.8875,0.8775,0.88,0.88625,0.88475,0.0053851648071345,297
1.6915009498596192,0.3696020029715884,0.0017154693603515625,0.0016708093307697528,2.921619402027997e-06,saga,"OrderedDict({'C': 2.921619402027997e-06, 'solver': 'saga'})",0.91125,0.915,0.91,0.89625,0.91375,0.9092500000000001,0.0067360967926537434,254
4.241295671463012,0.2641007851599544,0.0016109943389892578,0.001998222202479862,7.291208359522941e-05,saga,"OrderedDict({'C': 7.291208359522941e-05, 'solver': 'saga'})",0.89625,0.89375,0.88,0.8825,0.8925,0.8889999999999999,0.006490377492873593,291
3.589423131942749,0.17752590161473852,0.0006014347076416015,0.0012028694152832033,5.373682978166322e-05,saga,"OrderedDict({'C': 5.373682978166322e-05, 'solver': 'saga'})",0.89375,0.88875,0.87875,0.88,0.89125,0.8865000000000001,0.0060415229867972885,295
1.8002830505371095,0.32809862344276947,0.0016255855560302734,0.0016630397282784213,3.944082125013283e-06,saga,"OrderedDict({'C': 3.944082125013283e-06, 'solver': 'saga'})",0.90625,0.9125,0.9075,0.89375,0.90875,0.90575,0.0063541325135693895,278
7.229736089706421,0.27941343801673263,0.004283285140991211,0.0030230079116205493,0.017830713280076207,saga,"OrderedDict({'C': 0.017830713280076207, 'solver': 'saga'})",0.9425,0.93375,0.93875,0.93,0.9425,0.9375,0.004937104414532866,206
0.8910240650177002,0.01963028635782803,0.003533601760864258,0.0006431709969263599,0.02289024846412632,lbfgs,"OrderedDict({'C': 0.02289024846412632, 'solver': 'lbfgs'})",0.955,0.94625,0.94875,0.945,0.95875,0.95075,0.005279678020485716,1
0.7411071300506592,0.12803343040725126,0.005340051651000976,0.0032409720550723893,0.02246161737313173,lbfgs,"OrderedDict({'C': 0.02246161737313173, 'solver': 'lbfgs'})",0.955,0.94625,0.9475,0.945,0.95375,0.9494999999999999,0.0040773766075750135,75
7.181376791000366,0.4031020642660257,0.004259967803955078,0.0018861145219783073,0.0007977596909295113,saga,"OrderedDict({'C': 0.0007977596909295113, 'solver': 'saga'})",0.92625,0.9325,0.92125,0.9125,0.92625,0.9237500000000001,0.006661456297237122,242
7.093747615814209,0.28658300772563733,0.0034485340118408205,0.0016043815219218271,0.25791830518751296,saga,"OrderedDict({'C': 0.25791830518751296, 'solver': 'saga'})",0.9425,0.94,0.94,0.93625,0.94125,0.9400000000000001,0.002091650066335184,192
7.111418867111206,0.13764595963278323,0.0017717361450195312,0.001213052656857364,113955.56618228689,saga,"OrderedDict({'C': 113955.56618228689, 'solver': 'saga'})",0.9425,0.94125,0.94125,0.9325,0.94375,0.94025,0.003984344362627308,185
7.20970516204834,0.40887262068854935,0.0018420696258544921,0.0009597761618678506,2.341545732991982,saga,"OrderedDict({'C': 2.341545732991982, 'solver': 'saga'})",0.9425,0.94125,0.94125,0.935,0.9425,0.9405000000000001,0.0028062430400804398,175
2.4255722045898436,0.34501684894036544,0.0037473201751708984,0.0037907359404302744,0.0001666033107124572,sag,"OrderedDict({'C': 0.0001666033107124572, 'solver': 'sag'})",0.905,0.90875,0.8975,0.89125,0.90375,0.9012499999999999,0.0061745445176142385,283
2.6145652770996093,0.0836137235030543,0.0013399600982666015,0.0011235238740585933,0.00023727869199511575,sag,"OrderedDict({'C': 0.00023727869199511575, 'solver': 'sag'})",0.91375,0.915,0.90625,0.8975,0.90875,0.90825,0.006254998001598412,256
2.5500792980194094,0.4073470804216675,0.0036801815032958983,0.0027086888424417647,0.00019846426530091118,sag,"OrderedDict({'C': 0.00019846426530091118, 'solver': 'sag'})",0.91,0.91375,0.9,0.8925,0.9075,0.9047499999999999,0.007599342076785333,279
2.7953229904174806,0.0795402605553549,0.003420734405517578,0.0014080288074825335,165412.3377244141,newton-cg,"OrderedDict({'C': 165412.3377244141, 'solver': 'newton-cg'})",0.9425,0.9375,0.93625,0.93125,0.94,0.9375,0.0037914377220257603,206
2.8019803047180174,0.1193673118797991,0.004279041290283203,0.0031996695196796466,1935.2357651483633,newton-cg,"OrderedDict({'C': 1935.2357651483633, 'solver': 'newton-cg'})",0.9425,0.9375,0.93625,0.93125,0.94,0.9375,0.0037914377220257603,206
2.3579548835754394,0.10310177025941086,0.006896114349365235,0.002149999791790307,0.025422079007988423,lbfgs,"OrderedDict({'C': 0.025422079007988423, 'solver': 'lbfgs'})",0.955,0.94625,0.94875,0.945,0.95625,0.9502499999999999,0.004568916720624276,5
2.2184219360351562,0.26931879743354287,0.006683731079101562,0.002726512363552146,0.025080631392075253,lbfgs,"OrderedDict({'C': 0.025080631392075253, 'solver': 'lbfgs'})",0.95625,0.94625,0.9475,0.945,0.95625,0.9502499999999999,0.004962358310319827,5
2.4769953727722167,0.09349171940675016,0.006941413879394532,0.0035482100892376234,0.2643655840410377,lbfgs,"OrderedDict({'C': 0.2643655840410377, 'solver': 'lbfgs'})",0.95,0.9475,0.9425,0.94375,0.95875,0.9484999999999999,0.005777110004145668,120
2.1072837829589846,0.2747565245126707,0.009928083419799805,0.004422553810622836,0.024552120661900104,lbfgs,"OrderedDict({'C': 0.024552120661900104, 'solver': 'lbfgs'})",0.955,0.94625,0.9475,0.945,0.9575,0.9502499999999999,0.005024937810560446,5
1.5675964832305909,0.29487337513085543,0.01711893081665039,0.006746935982213435,7.75708435970114e-06,lbfgs,"OrderedDict({'C': 7.75708435970114e-06, 'solver': 'lbfgs'})",0.89875,0.9,0.89125,0.88625,0.89875,0.8949999999999999,0.0053619026473818296,285
1.6263840675354004,0.42720558369331624,0.011647272109985351,0.003070458348799497,1.0003009688987782e-05,lbfgs,"OrderedDict({'C': 1.0003009688987782e-05, 'solver': 'lbfgs'})",0.89625,0.8925,0.88625,0.88375,0.8975,0.89125,0.005419870847169681,288
1.380692195892334,0.32586857284572596,0.01337890625,0.002007603168374236,39269.109509788526,lbfgs,"OrderedDict({'C': 39269.109509788526, 'solver': 'lbfgs'})",0.9175,0.90875,0.9025,0.90125,0.90375,0.90675,0.0059476886266851495,262
1.8205970287323,0.23604556725257972,0.010027790069580078,0.002256196222812792,2.506106491686205,lbfgs,"OrderedDict({'C': 2.506106491686205, 'solver': 'lbfgs'})",0.9175,0.92125,0.92625,0.9125,0.925,0.9205,0.005037360419902492,248
3.7201043128967286,0.20491923599194767,0.006089496612548828,0.004256908311432404,8.050307024399679,newton-cg,"OrderedDict({'C': 8.050307024399679, 'solver': 'newton-cg'})",0.9425,0.935,0.93625,0.93125,0.94,0.9369999999999999,0.003921096785339511,227
2.847927951812744,0.6038558888552708,0.016247081756591796,0.011140373160391596,0.0027783261084192512,lbfgs,"OrderedDict({'C': 0.0027783261084192512, 'solver': 'lbfgs'})",0.94625,0.95125,0.945,0.94,0.95125,0.94675,0.004227883631321978,130
4.37774076461792,0.09888366993877662,0.002043914794921875,0.0018697335705262468,0.0848618272043316,newton-cg,"OrderedDict({'C': 0.0848618272043316, 'solver': 'newton-cg'})",0.95625,0.945,0.945,0.94625,0.95625,0.9497500000000001,0.005326818938165664,41
2.647994327545166,0.3358533803515223,0.010727357864379884,0.0041024966481995485,0.02742981612150734,lbfgs,"OrderedDict({'C': 0.02742981612150734, 'solver': 'lbfgs'})",0.955,0.94625,0.94625,0.945,0.9575,0.95,0.005184110338331927,18
2.615588903427124,0.26146703497549173,0.011332988739013672,0.0016132117147561091,0.4079913980005543,lbfgs,"OrderedDict({'C': 0.4079913980005543, 'solver': 'lbfgs'})",0.94875,0.94625,0.94125,0.94125,0.955,0.9465,0.005147815070493472,131
2.558586263656616,0.6534075631047982,0.010699653625488281,0.0021601486276788297,0.027185791483062428,lbfgs,"OrderedDict({'C': 0.027185791483062428, 'solver': 'lbfgs'})",0.955,0.94625,0.94625,0.945,0.9575,0.95,0.005184110338331927,18
3.004640531539917,0.3862915374997086,0.012520790100097656,0.004730289830346543,0.17587426397182032,lbfgs,"OrderedDict({'C': 0.17587426397182032, 'solver': 'lbfgs'})",0.9525,0.9475,0.9475,0.945,0.96,0.9504999999999999,0.0053385391260156526,2
4.354457759857178,0.2556308611766095,0.0020123958587646485,0.0015821457958278885,0.5185987656087463,newton-cg,"OrderedDict({'C': 0.5185987656087463, 'solver': 'newton-cg'})",0.95,0.9475,0.94,0.9425,0.95875,0.9477499999999999,0.006538348415311016,126
3.7582671642303467,0.18963312076023386,0.003670072555541992,0.003313828005235727,0.013472521756934829,newton-cg,"OrderedDict({'C': 0.013472521756934829, 'solver': 'newton-cg'})",0.9525,0.94625,0.9475,0.94375,0.95625,0.9492500000000001,0.004513867521316963,85
2.604526329040527,0.2624067899374507,0.010332775115966798,0.002542485757938422,0.027309213225937486,lbfgs,"OrderedDict({'C': 0.027309213225937486, 'solver': 'lbfgs'})",0.95625,0.94625,0.94625,0.945,0.9575,0.9502499999999999,0.005442885264269324,5
1.5769731521606445,0.25845089785200437,0.011170482635498047,0.0034243479133950153,446946.25640157214,lbfgs,"OrderedDict({'C': 446946.25640157214, 'solver': 'lbfgs'})",0.9175,0.90875,0.9025,0.90125,0.90375,0.90675,0.0059476886266851495,262
1.3267596244812012,0.40660558855303275,0.018508720397949218,0.008326388547535894,567297.7560948327,lbfgs,"OrderedDict({'C': 567297.7560948327, 'solver': 'lbfgs'})",0.9175,0.90875,0.9025,0.90125,0.90375,0.90675,0.0059476886266851495,262
1.102694034576416,0.2061941512880461,0.017105913162231444,0.006339434006480586,510320.63403401163,lbfgs,"OrderedDict({'C': 510320.63403401163, 'solver': 'lbfgs'})",0.9175,0.90875,0.9025,0.90125,0.90375,0.90675,0.0059476886266851495,262
7.051293468475341,0.1260032570140495,0.0027116775512695313,0.003323583296979571,26532.738214748784,saga,"OrderedDict({'C': 26532.738214748784, 'solver': 'saga'})",0.9425,0.94125,0.94125,0.935,0.9425,0.9405000000000001,0.0028062430400804398,175
2.852724552154541,0.11605713389355447,0.0020307064056396484,0.001287938078788537,0.026530801368117574,newton-cg,"OrderedDict({'C': 0.026530801368117574, 'solver': 'newton-cg'})",0.95375,0.94625,0.94625,0.945,0.95875,0.95,0.005361902647381798,18
2.748138952255249,0.3001689912001191,0.0024843215942382812,0.001365533573325171,0.0049133995244446905,newton-cg,"OrderedDict({'C': 0.0049133995244446905, 'solver': 'newton-cg'})",0.95125,0.95125,0.945,0.945,0.95625,0.9497500000000001,0.004286607049870602,41
2.843889045715332,0.07558521746900826,0.003085422515869141,0.0030277813010424694,0.02694865477284044,newton-cg,"OrderedDict({'C': 0.02694865477284044, 'solver': 'newton-cg'})",0.95375,0.94625,0.94625,0.945,0.95875,0.95,0.005361902647381798,18
1.1324967384338378,0.2496251129156779,0.013429784774780273,0.0041588558294253794,224.0275274331422,lbfgs,"OrderedDict({'C': 224.0275274331422, 'solver': 'lbfgs'})",0.9175,0.90875,0.9025,0.90125,0.90375,0.90675,0.0059476886266851495,262
1.50517897605896,0.31048398955814405,0.01127309799194336,0.004789957377560603,0.8891642373715498,lbfgs,"OrderedDict({'C': 0.8891642373715498, 'solver': 'lbfgs'})",0.9425,0.935,0.94,0.9275,0.9325,0.9355,0.00533853912601565,235
1.666820478439331,0.23585545459121243,0.006491804122924804,0.0018012842892507132,0.0013116128720755352,lbfgs,"OrderedDict({'C': 0.0013116128720755352, 'solver': 'lbfgs'})",0.94,0.94375,0.94125,0.93125,0.94125,0.9395,0.004301162633521305,200
7.4409833431243895,0.1749577692900203,0.0018122673034667968,0.0018822541562351766,2187.712173622639,saga,"OrderedDict({'C': 2187.712173622639, 'solver': 'saga'})",0.9425,0.94,0.94125,0.93375,0.9425,0.9400000000000001,0.00325960120260134,192
1.4669448375701903,0.34215086675619333,0.009395694732666016,0.0030102804823778457,0.026275091364675377,lbfgs,"OrderedDict({'C': 0.026275091364675377, 'solver': 'lbfgs'})",0.95625,0.94625,0.9475,0.945,0.9575,0.9504999999999999,0.005279678020485737,2
1.6097116947174073,0.12649829498910214,0.007345962524414063,0.0036172287282869716,0.02618392060679364,lbfgs,"OrderedDict({'C': 0.02618392060679364, 'solver': 'lbfgs'})",0.95625,0.94625,0.94625,0.945,0.9575,0.9502499999999999,0.005442885264269324,5
1.5065256118774415,0.3389934003921857,0.00953831672668457,0.004766810864140055,0.026093845096005486,lbfgs,"OrderedDict({'C': 0.026093845096005486, 'solver': 'lbfgs'})",0.95625,0.94625,0.94625,0.945,0.9575,0.9502499999999999,0.005442885264269324,5
1.5909002304077149,0.3294866676255232,0.00516352653503418,0.002100700499743939,0.026004052368393194,lbfgs,"OrderedDict({'C': 0.026004052368393194, 'solver': 'lbfgs'})",0.955,0.94625,0.9475,0.945,0.9575,0.9502499999999999,0.005024937810560446,5
5.2968884944915775,0.3704867493502624,0.0008006095886230469,0.0011658946816022874,1.226598905329235,sag,"OrderedDict({'C': 1.226598905329235, 'solver': 'sag'})",0.945,0.94,0.94125,0.9375,0.945,0.9417500000000001,0.002915475947422634,147
7.106692934036255,0.18051137544707027,0.0020947933197021486,0.0013380622596643385,962619.3887538054,saga,"OrderedDict({'C': 962619.3887538054, 'solver': 'saga'})",0.94125,0.94,0.94125,0.93625,0.94375,0.9404999999999999,0.0024494897427831687,181
7.1796714782714846,0.20264162954379342,0.0017450809478759765,0.0008960788099522436,999003.4761241579,saga,"OrderedDict({'C': 999003.4761241579, 'solver': 'saga'})",0.9425,0.94,0.94125,0.93625,0.94375,0.9407499999999999,0.0025739075352467404,173
5.636126375198364,0.13804948944585946,0.00376744270324707,0.002837084024836518,994502.2229939434,sag,"OrderedDict({'C': 994502.2229939434, 'solver': 'sag'})",0.94375,0.945,0.94,0.93875,0.9425,0.942,0.0023184046238739265,142
1.8571470737457276,0.11765336787818972,0.0031063079833984373,0.0017099644932295137,992350.8151304064,newton-cg,"OrderedDict({'C': 992350.8151304064, 'solver': 'newton-cg'})",0.9425,0.9375,0.93625,0.93125,0.94,0.9375,0.0037914377220257603,206
2.2686643600463867,0.14718954305518198,0.00419321060180664,0.0032728201686185537,0.019681761400486237,lbfgs,"OrderedDict({'C': 0.019681761400486237, 'solver': 'lbfgs'})",0.95375,0.94625,0.94875,0.94375,0.95375,0.9492499999999999,0.003999999999999995,86
1.983828592300415,0.24761610747486568,0.009387397766113281,0.005214294788365948,0.019101731146540683,lbfgs,"OrderedDict({'C': 0.019101731146540683, 'solver': 'lbfgs'})",0.95375,0.94625,0.94875,0.94375,0.95375,0.9492499999999999,0.003999999999999995,86
1.9454848766326904,0.20254908512174197,0.010796880722045899,0.004409965182492502,0.018660430752458414,lbfgs,"OrderedDict({'C': 0.018660430752458414, 'solver': 'lbfgs'})",0.95375,0.94625,0.94875,0.94375,0.95375,0.9492499999999999,0.003999999999999995,86
1.7715438842773437,0.23777925914219072,0.018021488189697267,0.008051789911471036,0.018314634139522258,lbfgs,"OrderedDict({'C': 0.018314634139522258, 'solver': 'lbfgs'})",0.9525,0.94625,0.94875,0.94375,0.95375,0.9490000000000001,0.003741657386773942,99
1.9955487251281738,0.28783584471871976,0.008346652984619141,0.006611379950394448,0.018039390855001832,lbfgs,"OrderedDict({'C': 0.018039390855001832, 'solver': 'lbfgs'})",0.9525,0.94625,0.94875,0.94375,0.95375,0.9490000000000001,0.003741657386773942,99
2.381204080581665,0.45221679586358937,0.003532218933105469,0.0034445443511389117,6.328234456542869e-05,sag,"OrderedDict({'C': 6.328234456542869e-05, 'solver': 'sag'})",0.89375,0.89,0.88,0.88,0.89125,0.8869999999999999,0.005841660722773969,294
2.478804349899292,0.29093376760575906,0.0033885478973388673,0.0036258664794608124,7.283092410309905e-05,sag,"OrderedDict({'C': 7.283092410309905e-05, 'solver': 'sag'})",0.895,0.89375,0.88,0.88125,0.8925,0.8885,0.006490377492873595,292
2.1851885318756104,0.1681213138972247,0.007256412506103515,0.0046771708484541425,0.14307204413508445,lbfgs,"OrderedDict({'C': 0.14307204413508445, 'solver': 'lbfgs'})",0.9525,0.9475,0.9475,0.9425,0.96,0.95,0.005916079783099603,18
5.515929317474365,0.19827232617277005,0.003713083267211914,0.0035481828507644155,0.11295989639172899,sag,"OrderedDict({'C': 0.11295989639172899, 'solver': 'sag'})",0.9425,0.94,0.94,0.935,0.94125,0.9397499999999999,0.002549509756796375,199
2.0289002895355224,0.12336690404349217,0.007988071441650391,0.004796310648502385,0.11489101770630925,lbfgs,"OrderedDict({'C': 0.11489101770630925, 'solver': 'lbfgs'})",0.9525,0.94375,0.945,0.94375,0.95875,0.9487500000000001,0.005968668193156673,113
2.8042932033538817,0.4667431819544249,0.016356754302978515,0.01472525492491808,0.023911503592926438,lbfgs,"OrderedDict({'C': 0.023911503592926438, 'solver': 'lbfgs'})",0.955,0.94625,0.9475,0.945,0.955,0.9497499999999999,0.004358898943540658,63
1.9434483051300049,0.42679323316519974,0.01869988441467285,0.011461596160396817,4.1442664398912725e-05,sag,"OrderedDict({'C': 4.1442664398912725e-05, 'solver': 'sag'})",0.8925,0.88875,0.8775,0.87875,0.8875,0.885,0.0058630196997792846,296
2.256232976913452,0.33817540221036124,0.018288373947143555,0.00887318911344187,0.010804161613153387,lbfgs,"OrderedDict({'C': 0.010804161613153387, 'solver': 'lbfgs'})",0.95,0.945,0.9475,0.945,0.95625,0.9487500000000001,0.004183300132670408,113
4.306114912033081,0.32276080824130005,0.002160787582397461,0.001711390881248016,0.1999774286127424,newton-cg,"OrderedDict({'C': 0.1999774286127424, 'solver': 'newton-cg'})",0.9525,0.9475,0.94375,0.94375,0.9575,0.9490000000000001,0.005326818938165645,99
4.070902585983276,0.3346931634127137,0.003936576843261719,0.0031108681640567935,0.19425409174252317,newton-cg,"OrderedDict({'C': 0.19425409174252317, 'solver': 'newton-cg'})",0.9525,0.94625,0.945,0.9425,0.9575,0.9487500000000001,0.005477225575051672,113
2.181706190109253,0.4222667047029842,0.013478994369506836,0.004141709374075027,0.010828218295893387,lbfgs,"OrderedDict({'C': 0.010828218295893387, 'solver': 'lbfgs'})",0.95,0.945,0.94875,0.945,0.95625,0.9490000000000001,0.0041382363393117445,99
4.283195304870605,0.2413927208974396,0.0021362781524658205,0.0026188681188560195,0.4584574097381994,newton-cg,"OrderedDict({'C': 0.4584574097381994, 'solver': 'newton-cg'})",0.94875,0.9475,0.94,0.94625,0.95875,0.94825,0.0060518592184551105,124
2.27147798538208,0.5193196852741564,0.01071171760559082,0.0023014620668491232,0.010827266574242598,lbfgs,"OrderedDict({'C': 0.010827266574242598, 'solver': 'lbfgs'})",0.95,0.945,0.94875,0.945,0.95625,0.9490000000000001,0.0041382363393117445,99
2.5627342224121095,0.5659077580757312,0.014319610595703126,0.0025757943737327784,0.01078293035474495,lbfgs,"OrderedDict({'C': 0.01078293035474495, 'solver': 'lbfgs'})",0.95,0.945,0.9475,0.945,0.95625,0.9487500000000001,0.004183300132670408,113
4.221545171737671,0.10380655005768154,0.003984642028808594,0.0040907583959440726,0.1260553350335468,newton-cg,"OrderedDict({'C': 0.1260553350335468, 'solver': 'newton-cg'})",0.95375,0.945,0.945,0.94625,0.9575,0.9495000000000001,0.005159941860137589,70
5.722017288208008,0.46386837369470996,0.0027822017669677734,0.002396542986728687,0.9694101405017574,sag,"OrderedDict({'C': 0.9694101405017574, 'solver': 'sag'})",0.94375,0.94125,0.94,0.93625,0.94375,0.9410000000000001,0.0027838821814149977,163
5.638485622406006,0.23770146491101887,0.0024017333984375,0.0016674051988969886,0.3911334149435681,sag,"OrderedDict({'C': 0.3911334149435681, 'solver': 'sag'})",0.9425,0.9425,0.94125,0.93625,0.9425,0.9410000000000001,0.0024238399287081565,163
7.563490295410157,0.14170864279993736,0.0011327743530273437,0.0015756870609744153,46.80883719376853,saga,"OrderedDict({'C': 46.80883719376853, 'solver': 'saga'})",0.9425,0.94,0.94125,0.9375,0.9425,0.9407500000000001,0.0018708286933869784,169
2.0250573635101317,0.22853577191090793,0.006186771392822266,0.0010066117837923764,0.028057633253178508,lbfgs,"OrderedDict({'C': 0.028057633253178508, 'solver': 'lbfgs'})",0.955,0.94625,0.94625,0.945,0.9575,0.95,0.005184110338331927,18
1.4973174571990966,0.40837541976773933,0.007166242599487305,0.0016424962550476757,0.02824458954865991,lbfgs,"OrderedDict({'C': 0.02824458954865991, 'solver': 'lbfgs'})",0.955,0.94625,0.94625,0.945,0.9575,0.95,0.005184110338331927,18
5.48987226486206,0.1536760487946522,0.0033855438232421875,0.0022333062746643837,72.95090172944977,sag,"OrderedDict({'C': 72.95090172944977, 'solver': 'sag'})",0.94375,0.94,0.94125,0.93625,0.94375,0.9410000000000001,0.0027838821814149977,163
1.8032928943634032,0.3379278185176408,0.007737255096435547,0.004964550204598537,0.0261574529129138,lbfgs,"OrderedDict({'C': 0.0261574529129138, 'solver': 'lbfgs'})",0.955,0.94625,0.94625,0.945,0.9575,0.95,0.005184110338331927,18
2.2303056716918945,0.1269533243984245,0.004578495025634765,0.0033374477629051534,0.002420700989396723,newton-cg,"OrderedDict({'C': 0.002420700989396723, 'solver': 'newton-cg'})",0.945,0.95,0.9425,0.94,0.95,0.9455,0.003999999999999995,134
1.9379148006439209,0.2783601422626832,0.007628870010375976,0.0049679000297806674,0.02559678608701842,lbfgs,"OrderedDict({'C': 0.02559678608701842, 'solver': 'lbfgs'})",0.95375,0.94625,0.9475,0.945,0.9575,0.95,0.0048088460154178435,18
2.0202307224273683,0.16256262036794197,0.00783710479736328,0.005959391755657694,0.02562509836233748,lbfgs,"OrderedDict({'C': 0.02562509836233748, 'solver': 'lbfgs'})",0.955,0.94625,0.9475,0.945,0.95625,0.95,0.004677071733467434,18
7.711057090759278,0.21748731616524422,0.0013188838958740235,0.0016901825348532296,0.000744723948400673,saga,"OrderedDict({'C': 0.000744723948400673, 'solver': 'saga'})",0.92625,0.9325,0.92,0.91375,0.92625,0.9237500000000001,0.006373774391990994,242
2.8209203243255616,0.33739562178798016,0.009813356399536132,0.006128216529994795,0.028673254059931732,lbfgs,"OrderedDict({'C': 0.028673254059931732, 'solver': 'lbfgs'})",0.955,0.94625,0.94625,0.945,0.9575,0.95,0.005184110338331927,18
2.7335330963134767,0.2875051925447728,0.010059785842895509,0.00219283955491691,0.028842813677789483,lbfgs,"OrderedDict({'C': 0.028842813677789483, 'solver': 'lbfgs'})",0.955,0.94625,0.94625,0.945,0.9575,0.95,0.005184110338331927,18
2.494314193725586,0.2699335219371389,0.011177444458007812,0.002294221934829025,0.02900920738868503,lbfgs,"OrderedDict({'C': 0.02900920738868503, 'solver': 'lbfgs'})",0.955,0.94625,0.94625,0.945,0.9575,0.95,0.005184110338331927,18
2.741477298736572,0.3109691731242283,0.00930771827697754,0.004246596218716622,0.029168593929033395,lbfgs,"OrderedDict({'C': 0.029168593929033395, 'solver': 'lbfgs'})",0.955,0.94625,0.94625,0.945,0.9575,0.95,0.005184110338331927,18
3.928622817993164,0.10222446005896085,0.003473997116088867,0.0028340073152396763,0.07395293944502042,newton-cg,"OrderedDict({'C': 0.07395293944502042, 'solver': 'newton-cg'})",0.95625,0.94625,0.945,0.94375,0.95625,0.9495000000000001,0.005567764362830052,70
3.9475947856903075,0.2159822501603218,0.0030571460723876954,0.0017759258784625295,0.9448605852094347,newton-cg,"OrderedDict({'C': 0.9448605852094347, 'solver': 'newton-cg'})",0.95,0.94125,0.94125,0.94,0.95625,0.94575,0.006354132513569427,132
2.40205602645874,0.6509652294997207,0.011290550231933594,0.005096538343774098,0.003345900893883167,lbfgs,"OrderedDict({'C': 0.003345900893883167, 'solver': 'lbfgs'})",0.95125,0.95125,0.945,0.94375,0.95375,0.9490000000000001,0.003905124837953349,99
3.449122953414917,0.27512421488044403,0.0039460182189941405,0.0022828063754849392,0.012398939892207755,newton-cg,"OrderedDict({'C': 0.012398939892207755, 'solver': 'newton-cg'})",0.95125,0.94625,0.9475,0.945,0.95625,0.9492499999999999,0.004077376607575046,86
2.5695852279663085,0.3043819798258728,0.008699703216552734,0.0011885273578047491,0.2406751306773891,lbfgs,"OrderedDict({'C': 0.2406751306773891, 'solver': 'lbfgs'})",0.95125,0.94875,0.945,0.94125,0.95875,0.9490000000000001,0.005937171043518957,99
2.405752658843994,0.1970663731503011,0.002674293518066406,0.00074166728578646,0.14994520925344967,newton-cg,"OrderedDict({'C': 0.14994520925344967, 'solver': 'newton-cg'})",0.955,0.94625,0.9475,0.94375,0.9575,0.95,0.005303300858899103,18
1.5683485507965087,0.4749539856858689,0.00543212890625,0.0017114627896692724,0.02932174387637632,lbfgs,"OrderedDict({'C': 0.02932174387637632, 'solver': 'lbfgs'})",0.955,0.94625,0.94625,0.945,0.9575,0.95,0.005184110338331927,18
1.2858474254608154,0.27244667994035954,0.007675457000732422,0.0025870803397609696,0.026919429921049034,lbfgs,"OrderedDict({'C': 0.026919429921049034, 'solver': 'lbfgs'})",0.95625,0.94625,0.94625,0.945,0.9575,0.9502499999999999,0.005442885264269324,5
7.062632703781128,0.18109324124750803,0.0034390926361083985,0.002712081669744319,3.5780887154795313,saga,"OrderedDict({'C': 3.5780887154795313, 'solver': 'saga'})",0.94125,0.94,0.94,0.935,0.94375,0.9400000000000001,0.002850438562747823,192
7.074295330047607,0.2754959847654369,0.002071666717529297,0.0029994691582865625,7.800596097522526,saga,"OrderedDict({'C': 7.800596097522526, 'solver': 'saga'})",0.945,0.94125,0.9425,0.935,0.9425,0.9412499999999999,0.0033541019662496545,154
7.08333044052124,0.359315000219949,0.0035907268524169923,0.0032463527647132967,7.723097081984301,saga,"OrderedDict({'C': 7.723097081984301, 'solver': 'saga'})",0.94125,0.94125,0.94125,0.93625,0.9425,0.9404999999999999,0.0021794494717703337,181
5.262502145767212,0.250514391823644,0.0049095630645751955,0.0032244384490143344,9.685141435307127,sag,"OrderedDict({'C': 9.685141435307127, 'solver': 'sag'})",0.94625,0.9425,0.94,0.935,0.9425,0.9412499999999999,0.003708099243547827,154
1.5261585712432861,0.22896353154280852,0.003868865966796875,0.0022380902806883704,0.03181368256334841,lbfgs,"OrderedDict({'C': 0.03181368256334841, 'solver': 'lbfgs'})",0.955,0.94625,0.94625,0.94375,0.9575,0.9497500000000001,0.005442885264269303,41
1.6736156463623046,0.2371318256647143,0.005309963226318359,0.0026215310093704626,0.03213514936980158,lbfgs,"OrderedDict({'C': 0.03213514936980158, 'solver': 'lbfgs'})",0.955,0.94625,0.94625,0.94375,0.9575,0.9497500000000001,0.005442885264269303,41
5.467320442199707,0.23838243899105935,0.0037006378173828126,0.0024555784004287673,4.692137975391903,sag,"OrderedDict({'C': 4.692137975391903, 'solver': 'sag'})",0.94875,0.9425,0.93875,0.93875,0.94375,0.9424999999999999,0.003708099243547835,138
2.281469535827637,0.2812325359617083,0.012413597106933594,0.006583984189490818,7.588785144172428e-05,lbfgs,"OrderedDict({'C': 7.588785144172428e-05, 'solver': 'lbfgs'})",0.89625,0.895,0.88,0.88125,0.8925,0.889,0.006955213871621778,290
2.3328286170959474,0.24171772766509209,0.012924528121948243,0.0024433745918954414,0.003724489059087546,lbfgs,"OrderedDict({'C': 0.003724489059087546, 'solver': 'lbfgs'})",0.95125,0.95125,0.945,0.94375,0.95375,0.9490000000000001,0.003905124837953349,99
2.75248384475708,0.26172478809488525,0.008015680313110351,0.0030419161862035977,0.035170167056466396,lbfgs,"OrderedDict({'C': 0.035170167056466396, 'solver': 'lbfgs'})",0.955,0.94625,0.94625,0.94375,0.9575,0.9497500000000001,0.005442885264269303,41
3.0110964298248293,0.19240401486979639,0.007760858535766602,0.001588187247140078,0.24283494554479376,lbfgs,"OrderedDict({'C': 0.24283494554479376, 'solver': 'lbfgs'})",0.94875,0.9475,0.94625,0.94125,0.95875,0.9485000000000001,0.005722761571129784,119
3.9819611072540284,0.09734297533976063,0.002495861053466797,0.0016226175526073323,0.06854758114120584,newton-cg,"OrderedDict({'C': 0.06854758114120584, 'solver': 'newton-cg'})",0.95625,0.945,0.945,0.94375,0.95875,0.9497500000000001,0.006393355926272236,41
2.9603434085845945,0.12536748649420443,0.008027315139770508,0.0038113191071060663,0.09305806088575928,lbfgs,"OrderedDict({'C': 0.09305806088575928, 'solver': 'lbfgs'})",0.955,0.94375,0.945,0.945,0.95875,0.9494999999999999,0.006154266812545594,75
3.839652585983276,0.15671188157669302,0.006106662750244141,0.0019014806868427093,0.012005228426284827,newton-cg,"OrderedDict({'C': 0.012005228426284827, 'solver': 'newton-cg'})",0.95125,0.94625,0.9475,0.94375,0.95625,0.9490000000000001,0.004358898943540693,99
2.5055659294128416,0.4609781711237388,0.011744546890258788,0.003496196465644746,0.0036880895921886027,lbfgs,"OrderedDict({'C': 0.0036880895921886027, 'solver': 'lbfgs'})",0.95125,0.95125,0.945,0.94375,0.95375,0.9490000000000001,0.003905124837953349,99
1.9094281673431397,0.38696731819748414,0.011406517028808594,0.004730565241500581,0.00011021339873027588,lbfgs,"OrderedDict({'C': 0.00011021339873027588, 'solver': 'lbfgs'})",0.9,0.90125,0.8875,0.88375,0.89625,0.89375,0.006937218462755804,286
3.8570912361145018,0.0988665239726512,0.0032561779022216796,0.002277669289463689,0.035467373327898004,newton-cg,"OrderedDict({'C': 0.035467373327898004, 'solver': 'newton-cg'})",0.955,0.94625,0.945,0.94375,0.9575,0.9495000000000001,0.005623610939601002,70
