mean_fit_time,std_fit_time,mean_score_time,std_score_time,param_C,param_kernel,params,split0_test_score,split1_test_score,split2_test_score,split3_test_score,split4_test_score,mean_test_score,std_test_score,rank_test_score
25.59525557,2.117164542,0.402841139,0.290928824,8477.536884,linear,"OrderedDict({'C': 8477.536884438781, 'kernel': 'linear'})",0.95625,0.9475,0.93875,0.95375,0.9625,0.95175,0.008085481,1
18.77755728,6.184403558,0.261540937,0.080587055,1559.96537,linear,"OrderedDict({'C': 1559.9653703191211, 'kernel': 'linear'})",0.95625,0.9475,0.93875,0.95375,0.9625,0.95175,0.008085481,1
20.86465173,4.892472007,0.255431414,0.095582039,1580.760945,linear,"OrderedDict({'C': 1580.7609453965197, 'kernel': 'linear'})",0.95625,0.9475,0.93875,0.95375,0.9625,0.95175,0.008085481,1
23.41007924,1.632087708,0.330510139,0.145845044,1575.131295,linear,"OrderedDict({'C': 1575.131294736346, 'kernel': 'linear'})",0.95625,0.9475,0.93875,0.95375,0.9625,0.95175,0.008085481,1
23.2041471,1.698645125,0.253970194,0.12541996,1266.484467,linear,"OrderedDict({'C': 1266.4844673476177, 'kernel': 'linear'})",0.95625,0.9475,0.93875,0.95375,0.9625,0.95175,0.008085481,1
23.02348523,5.769407491,0.324997807,0.198110382,1000000,linear,"OrderedDict({'C': 1000000.0, 'kernel': 'linear'})",0.95625,0.9475,0.93875,0.95375,0.9625,0.95175,0.008085481,1
24.00674405,2.059110826,0.536908722,0.560068964,29.63624309,linear,"OrderedDict({'C': 29.636243093759674, 'kernel': 'linear'})",0.95625,0.9475,0.93875,0.95375,0.9625,0.95175,0.008085481,1
24.06326427,2.676691623,0.286954021,0.137740224,0.272949276,linear,"OrderedDict({'C': 0.2729492755668497, 'kernel': 'linear'})",0.95625,0.9475,0.93875,0.95375,0.9625,0.95175,0.008085481,1
24.16701708,1.500478104,0.189617968,0.04842311,0.348605595,linear,"OrderedDict({'C': 0.34860559468889557, 'kernel': 'linear'})",0.95625,0.9475,0.93875,0.95375,0.9625,0.95175,0.008085481,1
23.60136018,1.75228072,0.435526752,0.159341333,0.132702399,linear,"OrderedDict({'C': 0.1327023987922364, 'kernel': 'linear'})",0.95625,0.9475,0.93875,0.95375,0.9625,0.95175,0.008085481,1
20.19441962,7.10411314,0.557178164,0.35391778,131.3829124,linear,"OrderedDict({'C': 131.38291241192437, 'kernel': 'linear'})",0.95625,0.9475,0.93875,0.95375,0.9625,0.95175,0.008085481,1
23.67327557,2.354964944,0.215072393,0.090870518,57.03286016,linear,"OrderedDict({'C': 57.0328601633615, 'kernel': 'linear'})",0.95625,0.9475,0.93875,0.95375,0.9625,0.95175,0.008085481,1
23.87440319,3.129397091,0.262040138,0.086021204,1.1024519,linear,"OrderedDict({'C': 1.1024519004763373, 'kernel': 'linear'})",0.95625,0.9475,0.93875,0.95375,0.9625,0.95175,0.008085481,1
22.37162838,1.815175156,0.392097044,0.206667791,309925.4301,linear,"OrderedDict({'C': 309925.43011251924, 'kernel': 'linear'})",0.95625,0.9475,0.93875,0.95375,0.9625,0.95175,0.008085481,1
27.34892201,1.151191814,0.223420811,0.065561948,563767.6619,linear,"OrderedDict({'C': 563767.6619416017, 'kernel': 'linear'})",0.95625,0.9475,0.93875,0.95375,0.9625,0.95175,0.008085481,1
27.56714587,1.322765808,0.250432634,0.072610656,131.4129452,linear,"OrderedDict({'C': 131.41294518157272, 'kernel': 'linear'})",0.95625,0.9475,0.93875,0.95375,0.9625,0.95175,0.008085481,1
26.67142286,1.180542665,0.296198082,0.144564968,1.065062445,linear,"OrderedDict({'C': 1.0650624453968185, 'kernel': 'linear'})",0.95625,0.9475,0.93875,0.95375,0.9625,0.95175,0.008085481,1
26.92569919,1.153053131,0.716762495,0.48900669,1.116349527,linear,"OrderedDict({'C': 1.1163495266087857, 'kernel': 'linear'})",0.95625,0.9475,0.93875,0.95375,0.9625,0.95175,0.008085481,1
26.44224977,2.749834485,0.205435419,0.026807528,1.303336266,linear,"OrderedDict({'C': 1.3033362660903247, 'kernel': 'linear'})",0.95625,0.9475,0.93875,0.95375,0.9625,0.95175,0.008085481,1
27.12065401,2.15062041,0.258856249,0.153117033,1.497645522,linear,"OrderedDict({'C': 1.49764552157759, 'kernel': 'linear'})",0.95625,0.9475,0.93875,0.95375,0.9625,0.95175,0.008085481,1
28.39880853,0.336189359,0.275417089,0.087440483,1.533736163,linear,"OrderedDict({'C': 1.5337361631943065, 'kernel': 'linear'})",0.95625,0.9475,0.93875,0.95375,0.9625,0.95175,0.008085481,1
28.00359349,0.767629639,0.231614828,0.062185166,123.7646528,linear,"OrderedDict({'C': 123.76465284463262, 'kernel': 'linear'})",0.95625,0.9475,0.93875,0.95375,0.9625,0.95175,0.008085481,1
27.34585257,1.523928019,0.259028482,0.181045704,123.3249927,linear,"OrderedDict({'C': 123.32499271572584, 'kernel': 'linear'})",0.95625,0.9475,0.93875,0.95375,0.9625,0.95175,0.008085481,1
27.16040688,1.009482946,0.352805424,0.248701143,1.527349205,linear,"OrderedDict({'C': 1.5273492045546861, 'kernel': 'linear'})",0.95625,0.9475,0.93875,0.95375,0.9625,0.95175,0.008085481,1
28.29018979,0.786633896,0.222037125,0.053087187,123.1843223,linear,"OrderedDict({'C': 123.18432225105448, 'kernel': 'linear'})",0.95625,0.9475,0.93875,0.95375,0.9625,0.95175,0.008085481,1
27.9986249,0.64434224,0.4755476,0.216491146,0.184595163,linear,"OrderedDict({'C': 0.18459516251535085, 'kernel': 'linear'})",0.95625,0.9475,0.93875,0.95375,0.9625,0.95175,0.008085481,1
26.52966166,2.431326552,1.210153913,1.384464215,453075.8916,linear,"OrderedDict({'C': 453075.89157237904, 'kernel': 'linear'})",0.95625,0.9475,0.93875,0.95375,0.9625,0.95175,0.008085481,1
28.94553399,0.187988489,0.229308796,0.072822259,449591.804,linear,"OrderedDict({'C': 449591.8040102545, 'kernel': 'linear'})",0.95625,0.9475,0.93875,0.95375,0.9625,0.95175,0.008085481,1
28.09955482,0.298097459,0.310638094,0.103227629,449937.0269,linear,"OrderedDict({'C': 449937.0269424735, 'kernel': 'linear'})",0.95625,0.9475,0.93875,0.95375,0.9625,0.95175,0.008085481,1
28.19354444,1.241113325,0.292346334,0.150871387,450669.1696,linear,"OrderedDict({'C': 450669.16959489934, 'kernel': 'linear'})",0.95625,0.9475,0.93875,0.95375,0.9625,0.95175,0.008085481,1
26.62259459,1.821205019,0.411885691,0.256505845,747.8955144,linear,"OrderedDict({'C': 747.895514384923, 'kernel': 'linear'})",0.95625,0.9475,0.93875,0.95375,0.9625,0.95175,0.008085481,1
27.8033874,1.822549708,0.375624132,0.17505656,451641.0558,linear,"OrderedDict({'C': 451641.05575799337, 'kernel': 'linear'})",0.95625,0.9475,0.93875,0.95375,0.9625,0.95175,0.008085481,1
28.44637094,0.753300522,0.407020855,0.148969895,452634.8187,linear,"OrderedDict({'C': 452634.8186864173, 'kernel': 'linear'})",0.95625,0.9475,0.93875,0.95375,0.9625,0.95175,0.008085481,1
28.59733677,1.407424938,0.223211241,0.098593425,453681.2433,linear,"OrderedDict({'C': 453681.24325432006, 'kernel': 'linear'})",0.95625,0.9475,0.93875,0.95375,0.9625,0.95175,0.008085481,1
27.53132644,1.24399899,0.374787569,0.210624297,454787.7005,linear,"OrderedDict({'C': 454787.7005372846, 'kernel': 'linear'})",0.95625,0.9475,0.93875,0.95375,0.9625,0.95175,0.008085481,1
25.13138943,2.539424911,0.90728941,0.888085147,455910.7523,linear,"OrderedDict({'C': 455910.7522777481, 'kernel': 'linear'})",0.95625,0.9475,0.93875,0.95375,0.9625,0.95175,0.008085481,1
28.12743368,0.556578737,0.212059212,0.040656704,457083.0745,linear,"OrderedDict({'C': 457083.0744891434, 'kernel': 'linear'})",0.95625,0.9475,0.93875,0.95375,0.9625,0.95175,0.008085481,1
27.89324012,0.803671508,0.245889473,0.150034593,458280.5042,linear,"OrderedDict({'C': 458280.5042082917, 'kernel': 'linear'})",0.95625,0.9475,0.93875,0.95375,0.9625,0.95175,0.008085481,1
27.40097141,0.730639046,0.40078845,0.293732078,1641.077506,linear,"OrderedDict({'C': 1641.077506138174, 'kernel': 'linear'})",0.95625,0.9475,0.93875,0.95375,0.9625,0.95175,0.008085481,1
28.29501147,0.467487403,0.226599741,0.045352948,460627.2114,linear,"OrderedDict({'C': 460627.21136263444, 'kernel': 'linear'})",0.95625,0.9475,0.93875,0.95375,0.9625,0.95175,0.008085481,1
27.42427726,1.366504168,0.238199234,0.089457672,1602.92457,linear,"OrderedDict({'C': 1602.9245700705583, 'kernel': 'linear'})",0.95625,0.9475,0.93875,0.95375,0.9625,0.95175,0.008085481,1
27.55689607,1.853551052,0.294048119,0.200867537,463228.5491,linear,"OrderedDict({'C': 463228.54913400824, 'kernel': 'linear'})",0.95625,0.9475,0.93875,0.95375,0.9625,0.95175,0.008085481,1
27.94642386,1.116360672,0.266510201,0.132604125,464592.4682,linear,"OrderedDict({'C': 464592.4682074824, 'kernel': 'linear'})",0.95625,0.9475,0.93875,0.95375,0.9625,0.95175,0.008085481,1
27.79075508,1.049183696,0.198711443,0.074573329,465960.7324,linear,"OrderedDict({'C': 465960.73244633316, 'kernel': 'linear'})",0.95625,0.9475,0.93875,0.95375,0.9625,0.95175,0.008085481,1
23.75718775,2.804222829,0.558567905,0.66163141,651.9936348,linear,"OrderedDict({'C': 651.9936348201682, 'kernel': 'linear'})",0.95625,0.9475,0.93875,0.95375,0.9625,0.95175,0.008085481,1
26.91577945,0.876729481,0.175969028,0.054197606,468786.8637,linear,"OrderedDict({'C': 468786.8636805941, 'kernel': 'linear'})",0.95625,0.9475,0.93875,0.95375,0.9625,0.95175,0.008085481,1
26.68640757,0.505839062,0.209676933,0.040956579,10597.99223,linear,"OrderedDict({'C': 10597.992227451325, 'kernel': 'linear'})",0.95625,0.9475,0.93875,0.95375,0.9625,0.95175,0.008085481,1
27.15843239,0.713161272,0.227777433,0.048229966,452189.4345,linear,"OrderedDict({'C': 452189.43445609213, 'kernel': 'linear'})",0.95625,0.9475,0.93875,0.95375,0.9625,0.95175,0.008085481,1
25.07247567,1.209131974,0.449136734,0.350847406,631.0640513,linear,"OrderedDict({'C': 631.0640513452638, 'kernel': 'linear'})",0.95625,0.9475,0.93875,0.95375,0.9625,0.95175,0.008085481,1
26.19861646,1.704650367,0.194213009,0.072036386,454896.8558,linear,"OrderedDict({'C': 454896.8557875277, 'kernel': 'linear'})",0.95625,0.9475,0.93875,0.95375,0.9625,0.95175,0.008085481,1
26.98361444,0.918396011,0.274828959,0.133467433,456350.5174,linear,"OrderedDict({'C': 456350.5174396122, 'kernel': 'linear'})",0.95625,0.9475,0.93875,0.95375,0.9625,0.95175,0.008085481,1
24.02829738,3.098308857,1.13451376,0.870488939,457821.9134,linear,"OrderedDict({'C': 457821.91344507295, 'kernel': 'linear'})",0.95625,0.9475,0.93875,0.95375,0.9625,0.95175,0.008085481,1
25.46887236,2.177345123,0.305776167,0.084104878,618.1733588,linear,"OrderedDict({'C': 618.1733588330587, 'kernel': 'linear'})",0.95625,0.9475,0.93875,0.95375,0.9625,0.95175,0.008085481,1
26.97015362,0.720077801,0.185071373,0.047786487,461081.723,linear,"OrderedDict({'C': 461081.72299664194, 'kernel': 'linear'})",0.95625,0.9475,0.93875,0.95375,0.9625,0.95175,0.008085481,1
27.35158501,1.171857302,0.261414576,0.084350298,462704.9018,linear,"OrderedDict({'C': 462704.9017953241, 'kernel': 'linear'})",0.95625,0.9475,0.93875,0.95375,0.9625,0.95175,0.008085481,1
25.36269798,3.088158905,0.501283073,0.441672733,464451.0951,linear,"OrderedDict({'C': 464451.0951272972, 'kernel': 'linear'})",0.95625,0.9475,0.93875,0.95375,0.9625,0.95175,0.008085481,1
27.76881657,0.402427807,0.197849607,0.040619695,466256.8117,linear,"OrderedDict({'C': 466256.8116680067, 'kernel': 'linear'})",0.95625,0.9475,0.93875,0.95375,0.9625,0.95175,0.008085481,1
27.95544982,0.607543357,0.2050529,0.076127155,604.8637217,linear,"OrderedDict({'C': 604.8637217190968, 'kernel': 'linear'})",0.95625,0.9475,0.93875,0.95375,0.9625,0.95175,0.008085481,1
27.30237031,0.840499657,0.216522598,0.086743151,470081.5191,linear,"OrderedDict({'C': 470081.51907308627, 'kernel': 'linear'})",0.95625,0.9475,0.93875,0.95375,0.9625,0.95175,0.008085481,1
27.44959173,1.19629746,0.27059865,0.149384373,1392.760204,linear,"OrderedDict({'C': 1392.7602044092978, 'kernel': 'linear'})",0.95625,0.9475,0.93875,0.95375,0.9625,0.95175,0.008085481,1
26.5000155,1.242939981,0.2904984,0.13298474,474304.0059,linear,"OrderedDict({'C': 474304.00585422997, 'kernel': 'linear'})",0.95625,0.9475,0.93875,0.95375,0.9625,0.95175,0.008085481,1
27.53001957,1.646801151,0.330961561,0.244755674,476414.2772,linear,"OrderedDict({'C': 476414.2771728936, 'kernel': 'linear'})",0.95625,0.9475,0.93875,0.95375,0.9625,0.95175,0.008085481,1
25.14436879,2.249162432,0.353643799,0.221363135,478629.0952,linear,"OrderedDict({'C': 478629.09518861596, 'kernel': 'linear'})",0.95625,0.9475,0.93875,0.95375,0.9625,0.95175,0.008085481,1
25.82561288,2.857465373,0.34684968,0.183928486,1365.964828,linear,"OrderedDict({'C': 1365.964827971793, 'kernel': 'linear'})",0.95625,0.9475,0.93875,0.95375,0.9625,0.95175,0.008085481,1
27.85569229,0.995279539,0.651434326,0.36005065,483463.7045,linear,"OrderedDict({'C': 483463.7045283911, 'kernel': 'linear'})",0.95625,0.9475,0.93875,0.95375,0.9625,0.95175,0.008085481,1
28.5261622,0.916022565,0.326222754,0.153672166,1354.013221,linear,"OrderedDict({'C': 1354.0132207806369, 'kernel': 'linear'})",0.95625,0.9475,0.93875,0.95375,0.9625,0.95175,0.008085481,1
28.82691011,0.8869646,0.328730965,0.272046503,586.0545425,linear,"OrderedDict({'C': 586.0545424830376, 'kernel': 'linear'})",0.95625,0.9475,0.93875,0.95375,0.9625,0.95175,0.008085481,1
28.54362283,1.0257144,0.62947402,0.435765537,491662.8143,linear,"OrderedDict({'C': 491662.81425371865, 'kernel': 'linear'})",0.95625,0.9475,0.93875,0.95375,0.9625,0.95175,0.008085481,1
28.64416876,0.691340629,0.346590281,0.106163567,494392.8857,linear,"OrderedDict({'C': 494392.88569465076, 'kernel': 'linear'})",0.95625,0.9475,0.93875,0.95375,0.9625,0.95175,0.008085481,1
29.14578648,0.226712996,0.264482307,0.079472476,497272.5468,linear,"OrderedDict({'C': 497272.54680365784, 'kernel': 'linear'})",0.95625,0.9475,0.93875,0.95375,0.9625,0.95175,0.008085481,1
27.79074807,1.624473441,1.019783688,0.969344759,500306.0974,linear,"OrderedDict({'C': 500306.09743829037, 'kernel': 'linear'})",0.95625,0.9475,0.93875,0.95375,0.9625,0.95175,0.008085481,1
27.21974177,2.349889603,0.925501871,1.195547613,26640.56728,linear,"OrderedDict({'C': 26640.567277487327, 'kernel': 'linear'})",0.95625,0.9475,0.93875,0.95375,0.9625,0.95175,0.008085481,1
29.34110055,0.358715238,0.24966383,0.077821902,1330.309068,linear,"OrderedDict({'C': 1330.309067850909, 'kernel': 'linear'})",0.95625,0.9475,0.93875,0.95375,0.9625,0.95175,0.008085481,1
28.3839036,2.161750677,0.53890028,0.589596915,282884.4423,linear,"OrderedDict({'C': 282884.44225657836, 'kernel': 'linear'})",0.95625,0.9475,0.93875,0.95375,0.9625,0.95175,0.008085481,1
26.0079319,2.330130247,0.270455265,0.168809259,1322.849508,linear,"OrderedDict({'C': 1322.8495083635264, 'kernel': 'linear'})",0.95625,0.9475,0.93875,0.95375,0.9625,0.95175,0.008085481,1
26.19452763,0.576546631,0.215921783,0.041718855,202742.8788,linear,"OrderedDict({'C': 202742.87883067684, 'kernel': 'linear'})",0.95625,0.9475,0.93875,0.95375,0.9625,0.95175,0.008085481,1
27.59941859,0.770868669,0.270109558,0.181812434,569.2985361,linear,"OrderedDict({'C': 569.2985361260697, 'kernel': 'linear'})",0.95625,0.9475,0.93875,0.95375,0.9625,0.95175,0.008085481,1
27.35008698,0.76018262,0.259190512,0.113491074,139932.8595,linear,"OrderedDict({'C': 139932.8594851361, 'kernel': 'linear'})",0.95625,0.9475,0.93875,0.95375,0.9625,0.95175,0.008085481,1
27.38583765,1.06041141,0.454338217,0.254706781,129723.0906,linear,"OrderedDict({'C': 129723.09061031038, 'kernel': 'linear'})",0.95625,0.9475,0.93875,0.95375,0.9625,0.95175,0.008085481,1
26.63967996,1.784400714,0.36431613,0.133097415,564.9310152,linear,"OrderedDict({'C': 564.9310152135652, 'kernel': 'linear'})",0.95625,0.9475,0.93875,0.95375,0.9625,0.95175,0.008085481,1
27.41227069,1.439339282,0.202876043,0.05321737,1310.755459,linear,"OrderedDict({'C': 1310.7554588672242, 'kernel': 'linear'})",0.95625,0.9475,0.93875,0.95375,0.9625,0.95175,0.008085481,1
25.84113593,1.894029421,0.284167147,0.144021175,1307.506701,linear,"OrderedDict({'C': 1307.5067011059484, 'kernel': 'linear'})",0.95625,0.9475,0.93875,0.95375,0.9625,0.95175,0.008085481,1
25.96496091,2.484663261,0.666841173,0.727467313,1304.331506,linear,"OrderedDict({'C': 1304.3315057065208, 'kernel': 'linear'})",0.95625,0.9475,0.93875,0.95375,0.9625,0.95175,0.008085481,1
27.58078876,0.750694336,0.25005126,0.06581008,99112.6479,linear,"OrderedDict({'C': 99112.64789913359, 'kernel': 'linear'})",0.95625,0.9475,0.93875,0.95375,0.9625,0.95175,0.008085481,1
23.97877526,1.953074774,0.277222443,0.183093663,99344.71738,linear,"OrderedDict({'C': 99344.71738161167, 'kernel': 'linear'})",0.95625,0.9475,0.93875,0.95375,0.9625,0.95175,0.008085481,1
25.21602898,0.932788095,0.185343266,0.063449376,94836.04861,linear,"OrderedDict({'C': 94836.04860980435, 'kernel': 'linear'})",0.95625,0.9475,0.93875,0.95375,0.9625,0.95175,0.008085481,1
23.22903647,2.583370163,0.19938941,0.066420276,557.4903289,linear,"OrderedDict({'C': 557.4903289249623, 'kernel': 'linear'})",0.95625,0.9475,0.93875,0.95375,0.9625,0.95175,0.008085481,1
22.11915402,4.924231577,0.912291861,1.29776393,88036.92656,linear,"OrderedDict({'C': 88036.92655797029, 'kernel': 'linear'})",0.95625,0.9475,0.93875,0.95375,0.9625,0.95175,0.008085481,1
23.44410505,1.284918048,0.420673656,0.458478297,555.6111742,linear,"OrderedDict({'C': 555.6111741528297, 'kernel': 'linear'})",0.95625,0.9475,0.93875,0.95375,0.9625,0.95175,0.008085481,1
24.51272368,2.156504479,0.157554245,0.012303515,83718.33136,linear,"OrderedDict({'C': 83718.33135596923, 'kernel': 'linear'})",0.95625,0.9475,0.93875,0.95375,0.9625,0.95175,0.008085481,1
24.16791167,2.284811382,0.189766979,0.057040574,1290.213912,linear,"OrderedDict({'C': 1290.213911796052, 'kernel': 'linear'})",0.95625,0.9475,0.93875,0.95375,0.9625,0.95175,0.008085481,1
25.05649538,0.865706705,0.194140768,0.052573501,79350.07205,linear,"OrderedDict({'C': 79350.07204684037, 'kernel': 'linear'})",0.95625,0.9475,0.93875,0.95375,0.9625,0.95175,0.008085481,1
23.97982812,2.40939899,0.219490051,0.068984261,77929.95209,linear,"OrderedDict({'C': 77929.95208810875, 'kernel': 'linear'})",0.95625,0.9475,0.93875,0.95375,0.9625,0.95175,0.008085481,1
23.95872808,4.196577512,0.753852367,1.149121698,1284.611633,linear,"OrderedDict({'C': 1284.6116330515244, 'kernel': 'linear'})",0.95625,0.9475,0.93875,0.95375,0.9625,0.95175,0.008085481,1
20.02306342,3.539692367,0.190087271,0.078366821,1282.442572,linear,"OrderedDict({'C': 1282.4425715884367, 'kernel': 'linear'})",0.95625,0.9475,0.93875,0.95375,0.9625,0.95175,0.008085481,1
21.10250282,3.17426386,0.206516743,0.073243147,71180.23438,linear,"OrderedDict({'C': 71180.23438083897, 'kernel': 'linear'})",0.95625,0.9475,0.93875,0.95375,0.9625,0.95175,0.008085481,1
21.32614655,2.682871941,0.201156855,0.070637503,70639.8604,linear,"OrderedDict({'C': 70639.86039704112, 'kernel': 'linear'})",0.95625,0.9475,0.93875,0.95375,0.9625,0.95175,0.008085481,1
19.49993439,4.191245661,0.409314394,0.264315149,69101.19648,linear,"OrderedDict({'C': 69101.1964752134, 'kernel': 'linear'})",0.95625,0.9475,0.93875,0.95375,0.9625,0.95175,0.008085481,1
21.35737147,1.92615154,0.202820635,0.034106458,67567.1505,linear,"OrderedDict({'C': 67567.15049981355, 'kernel': 'linear'})",0.95625,0.9475,0.93875,0.95375,0.9625,0.95175,0.008085481,1
21.05210371,0.941290268,0.197001743,0.040186707,66134.70618,linear,"OrderedDict({'C': 66134.70618201993, 'kernel': 'linear'})",0.95625,0.9475,0.93875,0.95375,0.9625,0.95175,0.008085481,1
16.88141236,6.112297074,0.202542353,0.047345209,1273.305671,linear,"OrderedDict({'C': 1273.3056705099875, 'kernel': 'linear'})",0.95625,0.9475,0.93875,0.95375,0.9625,0.95175,0.008085481,1
22.54388213,2.393072728,0.321745682,0.113359279,63161.14267,linear,"OrderedDict({'C': 63161.14266750315, 'kernel': 'linear'})",0.95625,0.9475,0.93875,0.95375,0.9625,0.95175,0.008085481,1
23.56782851,1.09514579,0.182213116,0.029508207,62478.51112,linear,"OrderedDict({'C': 62478.5111178979, 'kernel': 'linear'})",0.95625,0.9475,0.93875,0.95375,0.9625,0.95175,0.008085481,1
20.82204046,4.219406101,0.196737194,0.055291294,61426.61737,linear,"OrderedDict({'C': 61426.61737041029, 'kernel': 'linear'})",0.95625,0.9475,0.93875,0.95375,0.9625,0.95175,0.008085481,1
28.57654309,1.198534424,0.503903246,0.405254813,60378.21681,linear,"OrderedDict({'C': 60378.21681086476, 'kernel': 'linear'})",0.95625,0.9475,0.93875,0.95375,0.9625,0.95175,0.008085481,1
28.76793995,0.926069124,0.224613237,0.062819498,1266.837694,linear,"OrderedDict({'C': 1266.837693978805, 'kernel': 'linear'})",0.95625,0.9475,0.93875,0.95375,0.9625,0.95175,0.008085481,1
27.72694287,1.622806701,0.729013872,1.005015341,58131.27998,linear,"OrderedDict({'C': 58131.27997976319, 'kernel': 'linear'})",0.95625,0.9475,0.93875,0.95375,0.9625,0.95175,0.008085481,1
29.41158233,0.581983516,0.242023325,0.056216382,542.3989472,linear,"OrderedDict({'C': 542.3989472171079, 'kernel': 'linear'})",0.95625,0.9475,0.93875,0.95375,0.9625,0.95175,0.008085481,1
28.38483963,0.887417337,0.320455933,0.307911474,56510.3194,linear,"OrderedDict({'C': 56510.31940077565, 'kernel': 'linear'})",0.95625,0.9475,0.93875,0.95375,0.9625,0.95175,0.008085481,1
28.73073516,1.824600701,0.346834278,0.307814151,59107.66908,linear,"OrderedDict({'C': 59107.66907957152, 'kernel': 'linear'})",0.95625,0.9475,0.93875,0.95375,0.9625,0.95175,0.008085481,1
29.02742085,0.554606491,0.277231312,0.15821229,57992.12342,linear,"OrderedDict({'C': 57992.12341852481, 'kernel': 'linear'})",0.95625,0.9475,0.93875,0.95375,0.9625,0.95175,0.008085481,1
29.0458971,1.003351019,0.226895571,0.107050775,56965.60127,linear,"OrderedDict({'C': 56965.60127113107, 'kernel': 'linear'})",0.95625,0.9475,0.93875,0.95375,0.9625,0.95175,0.008085481,1
27.02588601,1.204152902,0.83040843,0.68744096,540.5665536,linear,"OrderedDict({'C': 540.5665536320657, 'kernel': 'linear'})",0.95625,0.9475,0.93875,0.95375,0.9625,0.95175,0.008085481,1
27.87511997,1.290876789,0.742438507,0.648578068,28827.96845,linear,"OrderedDict({'C': 28827.968452625515, 'kernel': 'linear'})",0.95625,0.9475,0.93875,0.95375,0.9625,0.95175,0.008085481,1
28.78031802,1.009728814,0.387503481,0.297213076,544.7719996,linear,"OrderedDict({'C': 544.7719995779681, 'kernel': 'linear'})",0.95625,0.9475,0.93875,0.95375,0.9625,0.95175,0.008085481,1
28.74841275,1.446223455,0.920344639,1.120575588,28311.75336,linear,"OrderedDict({'C': 28311.75335952518, 'kernel': 'linear'})",0.95625,0.9475,0.93875,0.95375,0.9625,0.95175,0.008085481,1
28.37334375,1.408023618,0.757577467,0.573855441,1188.52112,linear,"OrderedDict({'C': 1188.521120483324, 'kernel': 'linear'})",0.95625,0.9475,0.93875,0.95375,0.9625,0.95175,0.008085481,1
28.79850006,1.166831011,0.441168642,0.369493082,542.7513739,linear,"OrderedDict({'C': 542.7513739276112, 'kernel': 'linear'})",0.95625,0.9475,0.93875,0.95375,0.9625,0.95175,0.008085481,1
28.82622275,0.925415008,0.481034994,0.592709168,27240.52686,linear,"OrderedDict({'C': 27240.526857684006, 'kernel': 'linear'})",0.95625,0.9475,0.93875,0.95375,0.9625,0.95175,0.008085481,1
29.00868444,1.105697851,0.463155556,0.50315338,26883.36537,linear,"OrderedDict({'C': 26883.365374348676, 'kernel': 'linear'})",0.95625,0.9475,0.93875,0.95375,0.9625,0.95175,0.008085481,1
29.26271715,0.844326268,0.215478611,0.0793566,26554.36605,linear,"OrderedDict({'C': 26554.36605382631, 'kernel': 'linear'})",0.95625,0.9475,0.93875,0.95375,0.9625,0.95175,0.008085481,1
29.71766496,0.294357848,0.282422447,0.093237791,26257.51737,linear,"OrderedDict({'C': 26257.51737381385, 'kernel': 'linear'})",0.95625,0.9475,0.93875,0.95375,0.9625,0.95175,0.008085481,1
28.75795088,0.542200679,0.514902115,0.199002948,539.7975515,linear,"OrderedDict({'C': 539.7975515332699, 'kernel': 'linear'})",0.95625,0.9475,0.93875,0.95375,0.9625,0.95175,0.008085481,1
23.72557278,2.610225546,0.346782255,0.352869025,539.2327026,linear,"OrderedDict({'C': 539.2327026127613, 'kernel': 'linear'})",0.95625,0.9475,0.93875,0.95375,0.9625,0.95175,0.008085481,1
26.3181088,0.709871718,0.541912556,0.563038123,25328.54093,linear,"OrderedDict({'C': 25328.540925423127, 'kernel': 'linear'})",0.95625,0.9475,0.93875,0.95375,0.9625,0.95175,0.008085481,1
26.82878647,1.387592324,0.20819335,0.061638654,1175.617718,linear,"OrderedDict({'C': 1175.6177182608296, 'kernel': 'linear'})",0.95625,0.9475,0.93875,0.95375,0.9625,0.95175,0.008085481,1
26.55911345,0.835929496,0.335359287,0.17855892,24907.45844,linear,"OrderedDict({'C': 24907.458444149062, 'kernel': 'linear'})",0.95625,0.9475,0.93875,0.95375,0.9625,0.95175,0.008085481,1
27.44645391,0.401576126,0.21197257,0.100584405,1173.623987,linear,"OrderedDict({'C': 1173.623987198199, 'kernel': 'linear'})",0.95625,0.9475,0.93875,0.95375,0.9625,0.95175,0.008085481,1
25.03873062,1.848528977,0.302894068,0.161621891,24458.29019,linear,"OrderedDict({'C': 24458.290190916545, 'kernel': 'linear'})",0.95625,0.9475,0.93875,0.95375,0.9625,0.95175,0.008085481,1
26.82400918,1.350089927,0.294229937,0.137075009,535.940627,linear,"OrderedDict({'C': 535.9406269664834, 'kernel': 'linear'})",0.95625,0.9475,0.93875,0.95375,0.9625,0.95175,0.008085481,1
25.94848733,2.672537903,0.267415667,0.088770674,23987.8426,linear,"OrderedDict({'C': 23987.84260067801, 'kernel': 'linear'})",0.95625,0.9475,0.93875,0.95375,0.9625,0.95175,0.008085481,1
26.42280583,2.28808298,0.214706898,0.044611743,23782.27253,linear,"OrderedDict({'C': 23782.272527484653, 'kernel': 'linear'})",0.95625,0.9475,0.93875,0.95375,0.9625,0.95175,0.008085481,1
27.03440189,1.003086521,0.18877511,0.055961763,1167.629442,linear,"OrderedDict({'C': 1167.629442457118, 'kernel': 'linear'})",0.95625,0.9475,0.93875,0.95375,0.9625,0.95175,0.008085481,1
23.3873137,1.593815959,0.298082209,0.111374855,23358.8091,linear,"OrderedDict({'C': 23358.809096609148, 'kernel': 'linear'})",0.95625,0.9475,0.93875,0.95375,0.9625,0.95175,0.008085481,1
23.63021998,2.377157089,0.167982674,0.033015532,23158.95343,linear,"OrderedDict({'C': 23158.953430562906, 'kernel': 'linear'})",0.95625,0.9475,0.93875,0.95375,0.9625,0.95175,0.008085481,1
23.80656452,1.494482259,0.160500336,0.017031667,21805.32923,linear,"OrderedDict({'C': 21805.32923007019, 'kernel': 'linear'})",0.95625,0.9475,0.93875,0.95375,0.9625,0.95175,0.008085481,1
21.89469509,2.600023351,0.227724028,0.131032759,532.612264,linear,"OrderedDict({'C': 532.612264045923, 'kernel': 'linear'})",0.95625,0.9475,0.93875,0.95375,0.9625,0.95175,0.008085481,1
24.20746636,0.817090688,0.269466543,0.184001401,22644.40075,linear,"OrderedDict({'C': 22644.40074745082, 'kernel': 'linear'})",0.95625,0.9475,0.93875,0.95375,0.9625,0.95175,0.008085481,1
22.48565373,1.870354564,0.313074732,0.085754055,22453.72164,linear,"OrderedDict({'C': 22453.721642548924, 'kernel': 'linear'})",0.95625,0.9475,0.93875,0.95375,0.9625,0.95175,0.008085481,1
22.91862264,2.759600058,0.232851315,0.081830014,1160.473862,linear,"OrderedDict({'C': 1160.4738623001622, 'kernel': 'linear'})",0.95625,0.9475,0.93875,0.95375,0.9625,0.95175,0.008085481,1
23.79738917,3.159243652,0.157849264,0.011844704,548.4470613,linear,"OrderedDict({'C': 548.4470613440116, 'kernel': 'linear'})",0.95625,0.9475,0.93875,0.95375,0.9625,0.95175,0.008085481,1
24.952527,1.218562393,0.162332392,0.030086399,21884.28009,linear,"OrderedDict({'C': 21884.28009314083, 'kernel': 'linear'})",0.95625,0.9475,0.93875,0.95375,0.9625,0.95175,0.008085481,1
23.90117087,0.896455465,0.26629715,0.14604506,21728.79207,linear,"OrderedDict({'C': 21728.792067840364, 'kernel': 'linear'})",0.95625,0.9475,0.93875,0.95375,0.9625,0.95175,0.008085481,1
18.90081248,3.866888771,0.189057446,0.041790819,21568.75033,linear,"OrderedDict({'C': 21568.750329044073, 'kernel': 'linear'})",0.95625,0.9475,0.93875,0.95375,0.9625,0.95175,0.008085481,1
19.36725039,2.369783206,0.234941387,0.075187294,21413.43475,linear,"OrderedDict({'C': 21413.434746166717, 'kernel': 'linear'})",0.95625,0.9475,0.93875,0.95375,0.9625,0.95175,0.008085481,1
19.13104582,3.796346112,0.15611248,0.020507947,21258.45531,linear,"OrderedDict({'C': 21258.455312240952, 'kernel': 'linear'})",0.95625,0.9475,0.93875,0.95375,0.9625,0.95175,0.008085481,1
15.64001446,5.99005612,1.355719948,1.524662507,21109.24947,linear,"OrderedDict({'C': 21109.24946552987, 'kernel': 'linear'})",0.95625,0.9475,0.93875,0.95375,0.9625,0.95175,0.008085481,1
18.68185401,4.506898476,0.215758038,0.08450909,20949.62664,linear,"OrderedDict({'C': 20949.62663875826, 'kernel': 'linear'})",0.95625,0.9475,0.93875,0.95375,0.9625,0.95175,0.008085481,1
20.71377139,3.060045366,0.33809123,0.358234421,20822.90558,linear,"OrderedDict({'C': 20822.90558226254, 'kernel': 'linear'})",0.95625,0.9475,0.93875,0.95375,0.9625,0.95175,0.008085481,1
21.2255105,1.202097881,0.169371653,0.048149878,20685.66737,linear,"OrderedDict({'C': 20685.667373589622, 'kernel': 'linear'})",0.95625,0.9475,0.93875,0.95375,0.9625,0.95175,0.008085481,1
19.79100423,1.389754122,0.212286377,0.036970856,20552.89421,linear,"OrderedDict({'C': 20552.89420657168, 'kernel': 'linear'})",0.95625,0.9475,0.93875,0.95375,0.9625,0.95175,0.008085481,1
20.22659302,1.75916225,0.16502924,0.005455233,20421.11482,linear,"OrderedDict({'C': 20421.11481507051, 'kernel': 'linear'})",0.95625,0.9475,0.93875,0.95375,0.9625,0.95175,0.008085481,1
19.89450192,3.366243735,0.21315937,0.061017802,20294.04758,linear,"OrderedDict({'C': 20294.047583525367, 'kernel': 'linear'})",0.95625,0.9475,0.93875,0.95375,0.9625,0.95175,0.008085481,1
29.15621753,0.971949922,0.195699406,0.048055312,20170.27996,linear,"OrderedDict({'C': 20170.27995779885, 'kernel': 'linear'})",0.95625,0.9475,0.93875,0.95375,0.9625,0.95175,0.008085481,1
29.70598259,0.877059446,0.218475389,0.057494356,20048.53268,linear,"OrderedDict({'C': 20048.53267702014, 'kernel': 'linear'})",0.95625,0.9475,0.93875,0.95375,0.9625,0.95175,0.008085481,1
29.70631886,0.502262268,0.291395903,0.155589336,525.4231865,linear,"OrderedDict({'C': 525.4231865231443, 'kernel': 'linear'})",0.95625,0.9475,0.93875,0.95375,0.9625,0.95175,0.008085481,1
29.42922087,0.680306682,0.29827404,0.158318063,1145.562011,linear,"OrderedDict({'C': 1145.562011007499, 'kernel': 'linear'})",0.95625,0.9475,0.93875,0.95375,0.9625,0.95175,0.008085481,1
28.77722816,1.261377155,0.473740196,0.343686014,524.729884,linear,"OrderedDict({'C': 524.7298839694156, 'kernel': 'linear'})",0.95625,0.9475,0.93875,0.95375,0.9625,0.95175,0.008085481,1
30.24927268,0.176651926,0.258179331,0.075044413,19599.21205,linear,"OrderedDict({'C': 19599.212047902605, 'kernel': 'linear'})",0.95625,0.9475,0.93875,0.95375,0.9625,0.95175,0.008085481,1
28.69874382,1.959290328,0.502454567,0.563607394,19504.95341,linear,"OrderedDict({'C': 19504.95340507605, 'kernel': 'linear'})",0.95625,0.9475,0.93875,0.95375,0.9625,0.95175,0.008085481,1
28.82725396,1.366441683,0.381765461,0.188332448,18135.39284,linear,"OrderedDict({'C': 18135.39284456527, 'kernel': 'linear'})",0.95625,0.9475,0.93875,0.95375,0.9625,0.95175,0.008085481,1
28.8718379,1.574275371,0.301598072,0.19555441,523.4738597,linear,"OrderedDict({'C': 523.4738596786481, 'kernel': 'linear'})",0.95625,0.9475,0.93875,0.95375,0.9625,0.95175,0.008085481,1
28.83493762,1.201410408,0.236963797,0.106197414,19301.38966,linear,"OrderedDict({'C': 19301.389659980945, 'kernel': 'linear'})",0.95625,0.9475,0.93875,0.95375,0.9625,0.95175,0.008085481,1
20.75756245,3.901054976,0.21150012,0.073386633,536.9214418,linear,"OrderedDict({'C': 536.9214417826415, 'kernel': 'linear'})",0.95625,0.9475,0.93875,0.95375,0.9625,0.95175,0.008085481,1
16.28207035,6.959522733,0.221404696,0.052230857,19080.98062,linear,"OrderedDict({'C': 19080.980615103465, 'kernel': 'linear'})",0.95625,0.9475,0.93875,0.95375,0.9625,0.95175,0.008085481,1
18.43393917,2.478582525,0.187183523,0.047532521,522.3841051,linear,"OrderedDict({'C': 522.384105083561, 'kernel': 'linear'})",0.95625,0.9475,0.93875,0.95375,0.9625,0.95175,0.008085481,1
18.88218002,4.466310106,0.536092663,0.424527704,18899.25553,linear,"OrderedDict({'C': 18899.255530130536, 'kernel': 'linear'})",0.95625,0.9475,0.93875,0.95375,0.9625,0.95175,0.008085481,1
20.49379854,3.241859028,0.28542881,0.210607016,18792.83469,linear,"OrderedDict({'C': 18792.834693028075, 'kernel': 'linear'})",0.95625,0.9475,0.93875,0.95375,0.9625,0.95175,0.008085481,1
19.20849724,2.547297031,0.216795349,0.076211789,18707.22524,linear,"OrderedDict({'C': 18707.225238735882, 'kernel': 'linear'})",0.95625,0.9475,0.93875,0.95375,0.9625,0.95175,0.008085481,1
21.82798481,0.691477018,0.244676065,0.14161694,18609.55969,linear,"OrderedDict({'C': 18609.5596857111, 'kernel': 'linear'})",0.95625,0.9475,0.93875,0.95375,0.9625,0.95175,0.008085481,1
20.02264018,3.104456117,0.20934639,0.066628484,18516.94463,linear,"OrderedDict({'C': 18516.944628095076, 'kernel': 'linear'})",0.95625,0.9475,0.93875,0.95375,0.9625,0.95175,0.008085481,1
22.7762229,0.359797986,0.195054531,0.073188231,18429.61788,linear,"OrderedDict({'C': 18429.617877714943, 'kernel': 'linear'})",0.95625,0.9475,0.93875,0.95375,0.9625,0.95175,0.008085481,1
19.10001531,1.504206932,0.386309385,0.357400859,18341.69513,linear,"OrderedDict({'C': 18341.695131686818, 'kernel': 'linear'})",0.95625,0.9475,0.93875,0.95375,0.9625,0.95175,0.008085481,1
23.45907998,0.210504702,0.326809025,0.134179166,520.2482287,linear,"OrderedDict({'C': 520.248228694914, 'kernel': 'linear'})",0.95625,0.9475,0.93875,0.95375,0.9625,0.95175,0.008085481,1
22.94915247,1.889553805,0.171951675,0.043230801,18176.54265,linear,"OrderedDict({'C': 18176.54265429613, 'kernel': 'linear'})",0.95625,0.9475,0.93875,0.95375,0.9625,0.95175,0.008085481,1
21.41151414,3.123425062,0.652636337,0.737209688,18096.15004,linear,"OrderedDict({'C': 18096.15003972164, 'kernel': 'linear'})",0.95625,0.9475,0.93875,0.95375,0.9625,0.95175,0.008085481,1
18.1246078,5.463620252,0.842329121,0.967219867,18018.69848,linear,"OrderedDict({'C': 18018.698477290694, 'kernel': 'linear'})",0.95625,0.9475,0.93875,0.95375,0.9625,0.95175,0.008085481,1
21.3149816,2.707073566,0.15174818,0.018005522,17941.56577,linear,"OrderedDict({'C': 17941.565771494774, 'kernel': 'linear'})",0.95625,0.9475,0.93875,0.95375,0.9625,0.95175,0.008085481,1
22.92719727,1.164482662,0.21466074,0.038492391,17866.61957,linear,"OrderedDict({'C': 17866.61957198583, 'kernel': 'linear'})",0.95625,0.9475,0.93875,0.95375,0.9625,0.95175,0.008085481,1
21.42324128,3.103323855,0.172400808,0.0333238,17795.62637,linear,"OrderedDict({'C': 17795.626371061768, 'kernel': 'linear'})",0.95625,0.9475,0.93875,0.95375,0.9625,0.95175,0.008085481,1
21.68561339,2.642758143,0.235940504,0.075370971,17717.89062,linear,"OrderedDict({'C': 17717.890624735104, 'kernel': 'linear'})",0.95625,0.9475,0.93875,0.95375,0.9625,0.95175,0.008085481,1
21.26640105,2.511795734,0.223076868,0.086078404,17648.77322,linear,"OrderedDict({'C': 17648.77322125308, 'kernel': 'linear'})",0.95625,0.9475,0.93875,0.95375,0.9625,0.95175,0.008085481,1
21.45319943,2.087407568,0.356814337,0.159532183,17579.06102,linear,"OrderedDict({'C': 17579.0610228476, 'kernel': 'linear'})",0.95625,0.9475,0.93875,0.95375,0.9625,0.95175,0.008085481,1
27.03242445,1.022408592,0.280788231,0.150585286,1130.956184,linear,"OrderedDict({'C': 1130.9561837522685, 'kernel': 'linear'})",0.95625,0.9475,0.93875,0.95375,0.9625,0.95175,0.008085481,1
25.96421175,2.502654145,0.282173204,0.112693327,17453.75691,linear,"OrderedDict({'C': 17453.756911965207, 'kernel': 'linear'})",0.95625,0.9475,0.93875,0.95375,0.9625,0.95175,0.008085481,1
26.47669268,2.103254874,0.176873493,0.028067394,17389.79728,linear,"OrderedDict({'C': 17389.797277134963, 'kernel': 'linear'})",0.95625,0.9475,0.93875,0.95375,0.9625,0.95175,0.008085481,1
21.961936,4.803492536,0.546760464,0.481729182,17326.96714,linear,"OrderedDict({'C': 17326.967137809144, 'kernel': 'linear'})",0.95625,0.9475,0.93875,0.95375,0.9625,0.95175,0.008085481,1
26.97634377,1.505326762,0.283218622,0.168591488,17265.05954,linear,"OrderedDict({'C': 17265.059544821703, 'kernel': 'linear'})",0.95625,0.9475,0.93875,0.95375,0.9625,0.95175,0.008085481,1
27.52826624,0.962920319,0.365254879,0.163157313,17203.95977,linear,"OrderedDict({'C': 17203.959771836213, 'kernel': 'linear'})",0.95625,0.9475,0.93875,0.95375,0.9625,0.95175,0.008085481,1
27.00508437,1.244598466,0.221671486,0.06619447,17143.65827,linear,"OrderedDict({'C': 17143.658271805078, 'kernel': 'linear'})",0.95625,0.9475,0.93875,0.95375,0.9625,0.95175,0.008085481,1
26.09996138,1.58156572,0.367160606,0.241181066,1126.495298,linear,"OrderedDict({'C': 1126.4952977935418, 'kernel': 'linear'})",0.95625,0.9475,0.93875,0.95375,0.9625,0.95175,0.008085481,1
26.98845148,1.467734515,0.253368711,0.122134231,17032.2353,linear,"OrderedDict({'C': 17032.235295503073, 'kernel': 'linear'})",0.95625,0.9475,0.93875,0.95375,0.9625,0.95175,0.008085481,1
23.48303022,2.738925104,0.444283152,0.48586318,16975.60024,linear,"OrderedDict({'C': 16975.600242082062, 'kernel': 'linear'})",0.95625,0.9475,0.93875,0.95375,0.9625,0.95175,0.008085481,1
22.62063684,3.816209403,0.189390564,0.031795931,1125.322143,linear,"OrderedDict({'C': 1125.3221428853622, 'kernel': 'linear'})",0.95625,0.9475,0.93875,0.95375,0.9625,0.95175,0.008085481,1
25.29996324,0.737985339,0.252547503,0.106405187,515.5797284,linear,"OrderedDict({'C': 515.5797283840722, 'kernel': 'linear'})",0.95625,0.9475,0.93875,0.95375,0.9625,0.95175,0.008085481,1
25.32739244,0.355617816,0.186829853,0.025296135,16818.43668,linear,"OrderedDict({'C': 16818.43668073357, 'kernel': 'linear'})",0.95625,0.9475,0.93875,0.95375,0.9625,0.95175,0.008085481,1
22.70351672,3.170818086,0.175489235,0.013772174,16769.98235,linear,"OrderedDict({'C': 16769.98234629862, 'kernel': 'linear'})",0.95625,0.9475,0.93875,0.95375,0.9625,0.95175,0.008085481,1
24.50046148,2.020084125,0.315857077,0.305096617,16730.86441,linear,"OrderedDict({'C': 16730.864405872264, 'kernel': 'linear'})",0.95625,0.9475,0.93875,0.95375,0.9625,0.95175,0.008085481,1
23.18011422,3.534099104,0.147844696,0.019971613,16670.36051,linear,"OrderedDict({'C': 16670.36050546007, 'kernel': 'linear'})",0.95625,0.9475,0.93875,0.95375,0.9625,0.95175,0.008085481,1
23.25107093,2.799988736,0.221350622,0.075819957,1122.865257,linear,"OrderedDict({'C': 1122.865257121428, 'kernel': 'linear'})",0.95625,0.9475,0.93875,0.95375,0.9625,0.95175,0.008085481,1
22.80659251,2.570464062,0.23694334,0.11045444,16572.51659,linear,"OrderedDict({'C': 16572.51658555949, 'kernel': 'linear'})",0.95625,0.9475,0.93875,0.95375,0.9625,0.95175,0.008085481,1
23.32113585,2.009343758,0.306552982,0.187315264,16525.49093,linear,"OrderedDict({'C': 16525.490925692415, 'kernel': 'linear'})",0.95625,0.9475,0.93875,0.95375,0.9625,0.95175,0.008085481,1
24.68428898,1.599679185,0.248513985,0.101513802,514.0662038,linear,"OrderedDict({'C': 514.0662038064467, 'kernel': 'linear'})",0.95625,0.9475,0.93875,0.95375,0.9625,0.95175,0.008085481,1
19.66821904,6.731394437,0.295106792,0.095716578,16435.9124,linear,"OrderedDict({'C': 16435.912402549107, 'kernel': 'linear'})",0.95625,0.9475,0.93875,0.95375,0.9625,0.95175,0.008085481,1
21.42521572,1.539251108,0.23329668,0.119336486,16392.05007,linear,"OrderedDict({'C': 16392.050072824182, 'kernel': 'linear'})",0.95625,0.9475,0.93875,0.95375,0.9625,0.95175,0.008085481,1
20.1060163,3.222780282,0.203435278,0.048465085,16349.3059,linear,"OrderedDict({'C': 16349.305895948695, 'kernel': 'linear'})",0.95625,0.9475,0.93875,0.95375,0.9625,0.95175,0.008085481,1
19.59161701,4.418215178,0.174578285,0.024082837,16303.55522,linear,"OrderedDict({'C': 16303.555221545927, 'kernel': 'linear'})",0.95625,0.9475,0.93875,0.95375,0.9625,0.95175,0.008085481,1
21.35000539,2.498037255,0.203360033,0.11225655,16260.09783,linear,"OrderedDict({'C': 16260.0978300503, 'kernel': 'linear'})",0.95625,0.9475,0.93875,0.95375,0.9625,0.95175,0.008085481,1
20.34882073,1.222769137,0.338563442,0.176583725,512.9454891,linear,"OrderedDict({'C': 512.9454890515285, 'kernel': 'linear'})",0.95625,0.9475,0.93875,0.95375,0.9625,0.95175,0.008085481,1
21.97909551,1.515061602,0.164864016,0.036685137,16177.08566,linear,"OrderedDict({'C': 16177.085655323855, 'kernel': 'linear'})",0.95625,0.9475,0.93875,0.95375,0.9625,0.95175,0.008085481,1
21.69587512,1.802402917,0.369768572,0.255049833,16135.5765,linear,"OrderedDict({'C': 16135.57650105505, 'kernel': 'linear'})",0.95625,0.9475,0.93875,0.95375,0.9625,0.95175,0.008085481,1
18.38364758,3.488769708,0.17054677,0.02982914,522.6241006,linear,"OrderedDict({'C': 522.6241005837868, 'kernel': 'linear'})",0.95625,0.9475,0.93875,0.95375,0.9625,0.95175,0.008085481,1
19.88853302,3.683108798,0.319766426,0.273652289,16044.79045,linear,"OrderedDict({'C': 16044.790445322093, 'kernel': 'linear'})",0.95625,0.9475,0.93875,0.95375,0.9625,0.95175,0.008085481,1
25.6901196,0.621934327,0.260786676,0.117381205,512.2161909,linear,"OrderedDict({'C': 512.2161908605221, 'kernel': 'linear'})",0.95625,0.9475,0.93875,0.95375,0.9625,0.95175,0.008085481,1
20.51855841,5.680445071,0.184390306,0.020535769,1117.967938,linear,"OrderedDict({'C': 1117.9679382443358, 'kernel': 'linear'})",0.95625,0.9475,0.93875,0.95375,0.9625,0.95175,0.008085481,1
23.51663837,3.764799397,0.254760027,0.091413364,15924.33751,linear,"OrderedDict({'C': 15924.33751409083, 'kernel': 'linear'})",0.95625,0.9475,0.93875,0.95375,0.9625,0.95175,0.008085481,1
24.88776598,1.416638256,0.405338192,0.354019012,15890.72399,linear,"OrderedDict({'C': 15890.723993497517, 'kernel': 'linear'})",0.95625,0.9475,0.93875,0.95375,0.9625,0.95175,0.008085481,1
23.05316329,3.940588081,0.32327528,0.232119004,15855.6568,linear,"OrderedDict({'C': 15855.656801443249, 'kernel': 'linear'})",0.95625,0.9475,0.93875,0.95375,0.9625,0.95175,0.008085481,1
24.21478438,1.407449287,0.20604949,0.065695358,15818.83081,linear,"OrderedDict({'C': 15818.830807549766, 'kernel': 'linear'})",0.95625,0.9475,0.93875,0.95375,0.9625,0.95175,0.008085481,1
25.51295824,0.962161124,0.180167532,0.046975743,15782.47857,linear,"OrderedDict({'C': 15782.4785740678, 'kernel': 'linear'})",0.95625,0.9475,0.93875,0.95375,0.9625,0.95175,0.008085481,1
24.58157449,1.685481819,0.267540169,0.19435301,511.1915039,linear,"OrderedDict({'C': 511.1915038661882, 'kernel': 'linear'})",0.95625,0.9475,0.93875,0.95375,0.9625,0.95175,0.008085481,1
24.96218739,2.085141103,0.224130869,0.08406453,511.0138565,linear,"OrderedDict({'C': 511.01385647826646, 'kernel': 'linear'})",0.95625,0.9475,0.93875,0.95375,0.9625,0.95175,0.008085481,1
25.57187433,0.915420197,0.267411852,0.133873902,15675.40421,linear,"OrderedDict({'C': 15675.404206255564, 'kernel': 'linear'})",0.95625,0.9475,0.93875,0.95375,0.9625,0.95175,0.008085481,1
22.93496742,1.692459285,0.19139986,0.039742812,15644.02162,linear,"OrderedDict({'C': 15644.02162318448, 'kernel': 'linear'})",0.95625,0.9475,0.93875,0.95375,0.9625,0.95175,0.008085481,1
20.06716046,5.266579143,0.487530899,0.597991412,15613.69398,linear,"OrderedDict({'C': 15613.693976722283, 'kernel': 'linear'})",0.95625,0.9475,0.93875,0.95375,0.9625,0.95175,0.008085481,1
22.38133411,4.641670582,0.228752756,0.103167168,15575.93168,linear,"OrderedDict({'C': 15575.93167948573, 'kernel': 'linear'})",0.95625,0.9475,0.93875,0.95375,0.9625,0.95175,0.008085481,1
22.07410254,2.4776676,0.351913214,0.135684768,1114.721938,linear,"OrderedDict({'C': 1114.721937715958, 'kernel': 'linear'})",0.95625,0.9475,0.93875,0.95375,0.9625,0.95175,0.008085481,1
23.83436546,1.034307216,0.228037739,0.090992321,15509.25636,linear,"OrderedDict({'C': 15509.25636022425, 'kernel': 'linear'})",0.95625,0.9475,0.93875,0.95375,0.9625,0.95175,0.008085481,1
21.96170936,1.453211699,0.256797552,0.086618858,1113.747359,linear,"OrderedDict({'C': 1113.7473592223914, 'kernel': 'linear'})",0.95625,0.9475,0.93875,0.95375,0.9625,0.95175,0.008085481,1
23.12842727,2.427655956,0.320241785,0.21517582,509.9243295,linear,"OrderedDict({'C': 509.92432949824007, 'kernel': 'linear'})",0.95625,0.9475,0.93875,0.95375,0.9625,0.95175,0.008085481,1
21.32998152,5.426703647,0.280232906,0.180147154,15411.12586,linear,"OrderedDict({'C': 15411.125861691873, 'kernel': 'linear'})",0.95625,0.9475,0.93875,0.95375,0.9625,0.95175,0.008085481,1
23.33833489,2.759882745,0.48087821,0.622621886,15381.84833,linear,"OrderedDict({'C': 15381.848334133296, 'kernel': 'linear'})",0.95625,0.9475,0.93875,0.95375,0.9625,0.95175,0.008085481,1
21.59390268,3.77931864,0.781494093,1.184311821,15349.91314,linear,"OrderedDict({'C': 15349.913142764884, 'kernel': 'linear'})",0.95625,0.9475,0.93875,0.95375,0.9625,0.95175,0.008085481,1
19.77671742,2.889425249,0.272116423,0.112203645,1112.70589,linear,"OrderedDict({'C': 1112.7058900108655, 'kernel': 'linear'})",0.95625,0.9475,0.93875,0.95375,0.9625,0.95175,0.008085481,1
21.50392833,2.117830693,0.594361687,0.728992022,1112.547525,linear,"OrderedDict({'C': 1112.5475253794955, 'kernel': 'linear'})",0.95625,0.9475,0.93875,0.95375,0.9625,0.95175,0.008085481,1
18.58105021,4.802190579,0.266732359,0.222720911,509.1674899,linear,"OrderedDict({'C': 509.1674899077691, 'kernel': 'linear'})",0.95625,0.9475,0.93875,0.95375,0.9625,0.95175,0.008085481,1
23.09356093,0.869770861,0.160843849,0.032691951,15228.55792,linear,"OrderedDict({'C': 15228.55791858913, 'kernel': 'linear'})",0.95625,0.9475,0.93875,0.95375,0.9625,0.95175,0.008085481,1
17.78593664,6.47784224,0.157130146,0.009036985,15201.81388,linear,"OrderedDict({'C': 15201.813875441017, 'kernel': 'linear'})",0.95625,0.9475,0.93875,0.95375,0.9625,0.95175,0.008085481,1
20.63068862,3.053309657,0.160698032,0.030939495,15176.842,linear,"OrderedDict({'C': 15176.841998659333, 'kernel': 'linear'})",0.95625,0.9475,0.93875,0.95375,0.9625,0.95175,0.008085481,1
21.87777581,1.936815156,0.150500059,0.015021886,15147.39402,linear,"OrderedDict({'C': 15147.394017595554, 'kernel': 'linear'})",0.95625,0.9475,0.93875,0.95375,0.9625,0.95175,0.008085481,1
21.84443831,2.861152063,0.257098007,0.14277862,15121.47083,linear,"OrderedDict({'C': 15121.470831796538, 'kernel': 'linear'})",0.95625,0.9475,0.93875,0.95375,0.9625,0.95175,0.008085481,1
21.38608088,1.690409706,0.413193893,0.249901432,15096.6118,linear,"OrderedDict({'C': 15096.611796190176, 'kernel': 'linear'})",0.95625,0.9475,0.93875,0.95375,0.9625,0.95175,0.008085481,1
20.38672805,4.715173259,0.199775314,0.052320233,15064.78942,linear,"OrderedDict({'C': 15064.789419221914, 'kernel': 'linear'})",0.95625,0.9475,0.93875,0.95375,0.9625,0.95175,0.008085481,1
15.88760371,5.964622739,0.291782713,0.153718889,15038.54753,linear,"OrderedDict({'C': 15038.547528973284, 'kernel': 'linear'})",0.95625,0.9475,0.93875,0.95375,0.9625,0.95175,0.008085481,1
15.84230733,4.980433485,0.268080044,0.141459453,15011.00835,linear,"OrderedDict({'C': 15011.0083533447, 'kernel': 'linear'})",0.95625,0.9475,0.93875,0.95375,0.9625,0.95175,0.008085481,1
18.51911912,4.133908759,0.238723421,0.085236984,14986.28665,linear,"OrderedDict({'C': 14986.286651342669, 'kernel': 'linear'})",0.95625,0.9475,0.93875,0.95375,0.9625,0.95175,0.008085481,1
18.91630025,3.135587459,0.24713788,0.129806927,14958.78111,linear,"OrderedDict({'C': 14958.781111917557, 'kernel': 'linear'})",0.95625,0.9475,0.93875,0.95375,0.9625,0.95175,0.008085481,1
20.87002449,1.096395451,0.148063183,0.013820202,1109.48678,linear,"OrderedDict({'C': 1109.4867796128892, 'kernel': 'linear'})",0.95625,0.9475,0.93875,0.95375,0.9625,0.95175,0.008085481,1
17.36354041,5.094284129,0.176703119,0.028499273,14905.63473,linear,"OrderedDict({'C': 14905.634732470071, 'kernel': 'linear'})",0.95625,0.9475,0.93875,0.95375,0.9625,0.95175,0.008085481,1
17.899858,4.254221623,0.258308935,0.113805352,1109.093821,linear,"OrderedDict({'C': 1109.093820666347, 'kernel': 'linear'})",0.95625,0.9475,0.93875,0.95375,0.9625,0.95175,0.008085481,1
21.41326575,0.356292792,0.196476555,0.09763124,14853.31088,linear,"OrderedDict({'C': 14853.31087791881, 'kernel': 'linear'})",0.95625,0.9475,0.93875,0.95375,0.9625,0.95175,0.008085481,1
18.58316355,2.649485711,0.173994207,0.047854571,14829.00564,linear,"OrderedDict({'C': 14829.005641094804, 'kernel': 'linear'})",0.95625,0.9475,0.93875,0.95375,0.9625,0.95175,0.008085481,1
16.59119349,5.696220642,0.224490166,0.048103115,14805.80696,linear,"OrderedDict({'C': 14805.806956708793, 'kernel': 'linear'})",0.95625,0.9475,0.93875,0.95375,0.9625,0.95175,0.008085481,1
22.52942181,0.424696558,0.255407095,0.083795755,507.1023476,linear,"OrderedDict({'C': 507.102347643763, 'kernel': 'linear'})",0.95625,0.9475,0.93875,0.95375,0.9625,0.95175,0.008085481,1
19.28909211,3.931412161,0.185228395,0.03430343,14759.30318,linear,"OrderedDict({'C': 14759.303178706672, 'kernel': 'linear'})",0.95625,0.9475,0.93875,0.95375,0.9625,0.95175,0.008085481,1
18.36943078,3.736221578,0.200388384,0.056763281,14736.66814,linear,"OrderedDict({'C': 14736.668135827042, 'kernel': 'linear'})",0.95625,0.9475,0.93875,0.95375,0.9625,0.95175,0.008085481,1
19.86747699,4.240835265,0.149882698,0.025020551,14711.19548,linear,"OrderedDict({'C': 14711.195482686344, 'kernel': 'linear'})",0.95625,0.9475,0.93875,0.95375,0.9625,0.95175,0.008085481,1
20.16292868,2.641442998,0.532982683,0.446200216,506.6762407,linear,"OrderedDict({'C': 506.67624066350453, 'kernel': 'linear'})",0.95625,0.9475,0.93875,0.95375,0.9625,0.95175,0.008085481,1
19.96994104,4.127913563,0.149728632,0.024320134,1107.236581,linear,"OrderedDict({'C': 1107.2365808406641, 'kernel': 'linear'})",0.95625,0.9475,0.93875,0.95375,0.9625,0.95175,0.008085481,1
18.52664924,3.76806559,0.240592146,0.077630953,1106.971932,linear,"OrderedDict({'C': 1106.971932280482, 'kernel': 'linear'})",0.95625,0.9475,0.93875,0.95375,0.9625,0.95175,0.008085481,1
18.6093874,5.219900259,0.165924263,0.0384709,14618.40714,linear,"OrderedDict({'C': 14618.407142836084, 'kernel': 'linear'})",0.95625,0.9475,0.93875,0.95375,0.9625,0.95175,0.008085481,1
19.72071352,2.811770822,0.177577114,0.023540615,506.2296987,linear,"OrderedDict({'C': 506.22969873976393, 'kernel': 'linear'})",0.95625,0.9475,0.93875,0.95375,0.9625,0.95175,0.008085481,1
21.1810328,2.391956083,0.164420795,0.04621218,14576.57438,linear,"OrderedDict({'C': 14576.574380520018, 'kernel': 'linear'})",0.95625,0.9475,0.93875,0.95375,0.9625,0.95175,0.008085481,1
22.58759165,3.394426768,0.636654186,0.581274384,1106.052353,linear,"OrderedDict({'C': 1106.0523526098502, 'kernel': 'linear'})",0.95625,0.9475,0.93875,0.95375,0.9625,0.95175,0.008085481,1
22.98684225,4.072447484,0.377803755,0.28036028,1106.016798,linear,"OrderedDict({'C': 1106.0167981240686, 'kernel': 'linear'})",0.95625,0.9475,0.93875,0.95375,0.9625,0.95175,0.008085481,1
25.25123587,1.085351876,0.266912317,0.1040064,14509.08792,linear,"OrderedDict({'C': 14509.087922137478, 'kernel': 'linear'})",0.95625,0.9475,0.93875,0.95375,0.9625,0.95175,0.008085481,1
25.79613953,1.008320429,0.223797846,0.067295159,14490.48939,linear,"OrderedDict({'C': 14490.489389533412, 'kernel': 'linear'})",0.95625,0.9475,0.93875,0.95375,0.9625,0.95175,0.008085481,1
21.50246129,5.304609655,0.750748396,0.536095399,14472.26883,linear,"OrderedDict({'C': 14472.268833440787, 'kernel': 'linear'})",0.95625,0.9475,0.93875,0.95375,0.9625,0.95175,0.008085481,1
25.20141835,1.167819412,0.183407354,0.079840191,14453.12528,linear,"OrderedDict({'C': 14453.12528162428, 'kernel': 'linear'})",0.95625,0.9475,0.93875,0.95375,0.9625,0.95175,0.008085481,1
24.63610363,1.226271437,0.375160503,0.302839178,14433.00904,linear,"OrderedDict({'C': 14433.009035385156, 'kernel': 'linear'})",0.95625,0.9475,0.93875,0.95375,0.9625,0.95175,0.008085481,1
23.80251746,3.938365331,0.522087669,0.561814062,1104.869235,linear,"OrderedDict({'C': 1104.8692346764553, 'kernel': 'linear'})",0.95625,0.9475,0.93875,0.95375,0.9625,0.95175,0.008085481,1
23.72725224,4.540501593,0.26388402,0.1688911,14394.35008,linear,"OrderedDict({'C': 14394.350081777888, 'kernel': 'linear'})",0.95625,0.9475,0.93875,0.95375,0.9625,0.95175,0.008085481,1
23.31295137,3.655315717,0.253486919,0.169658004,505.248992,linear,"OrderedDict({'C': 505.248992043726, 'kernel': 'linear'})",0.95625,0.9475,0.93875,0.95375,0.9625,0.95175,0.008085481,1
50.64383731,6.218400211,6.631936884,4.73138809,8.26E-06,poly,"OrderedDict({'C': 8.261254365732566e-06, 'kernel': 'poly'})",0.25125,0.25125,0.25125,0.25125,0.2525,0.2515,0.0005,293
45.60332737,7.073448892,4.98231988,3.437101868,3.013787883,poly,"OrderedDict({'C': 3.013787882716698, 'kernel': 'poly'})",0.8475,0.83375,0.8425,0.8225,0.8425,0.83775,0.008817596,289
55.45910487,3.384379182,2.948174524,1.363587853,0.000195629,poly,"OrderedDict({'C': 0.0001956288431725454, 'kernel': 'poly'})",0.25125,0.25125,0.25125,0.25125,0.2525,0.2515,0.0005,293
46.96573572,7.395739362,3.221008825,2.253081437,143.6911267,poly,"OrderedDict({'C': 143.69112668867294, 'kernel': 'poly'})",0.88,0.86375,0.86125,0.8625,0.87875,0.86925,0.008314145,282
28.00245266,3.337946616,0.911002636,0.91958994,44690.11862,poly,"OrderedDict({'C': 44690.1186209636, 'kernel': 'poly'})",0.88,0.86375,0.86125,0.8625,0.87875,0.86925,0.008314145,282
29.1359664,2.922024996,1.499240732,0.788336553,1970.064511,poly,"OrderedDict({'C': 1970.0645108760068, 'kernel': 'poly'})",0.88,0.86375,0.86125,0.8625,0.87875,0.86925,0.008314145,282
30.16408734,2.841905865,1.452572298,0.940762854,1774.69525,poly,"OrderedDict({'C': 1774.6952501339824, 'kernel': 'poly'})",0.88,0.86375,0.86125,0.8625,0.87875,0.86925,0.008314145,282
31.95457087,1.787399447,0.857604456,0.753213797,2464.01197,poly,"OrderedDict({'C': 2464.0119702172765, 'kernel': 'poly'})",0.88,0.86375,0.86125,0.8625,0.87875,0.86925,0.008314145,282
50.9623291,3.063162106,9.002580214,1.988622525,0.006889567,poly,"OrderedDict({'C': 0.006889566719791295, 'kernel': 'poly'})",0.25125,0.25125,0.25125,0.25125,0.2525,0.2515,0.0005,293
56.01678219,2.179003123,5.541372204,0.845639632,0.042196628,poly,"OrderedDict({'C': 0.042196627787847954, 'kernel': 'poly'})",0.5425,0.55375,0.58625,0.5025,0.5375,0.5445,0.027002315,291
53.35886946,11.50937904,6.32614522,5.158765263,0.012228713,poly,"OrderedDict({'C': 0.012228713361829438, 'kernel': 'poly'})",0.25625,0.25125,0.25125,0.25375,0.2525,0.253,0.001870829,292
28.2235342,1.274609517,0.46544528,0.306814927,1000000,poly,"OrderedDict({'C': 1000000.0, 'kernel': 'poly'})",0.88,0.86375,0.86125,0.8625,0.87875,0.86925,0.008314145,282
33.5881196,0.805463693,0.907590246,0.035711324,0.431587037,poly,"OrderedDict({'C': 0.43158703692482037, 'kernel': 'poly'})",0.6925,0.68375,0.70125,0.67625,0.71625,0.694,0.013928388,290
40.32220716,1.662543978,2.171226025,0.77671517,448491.1966,rbf,"OrderedDict({'C': 448491.19659256504, 'kernel': 'rbf'})",0.91,0.91875,0.905,0.91125,0.93125,0.91525,0.009130991,275
54.4397614,6.432317731,3.407650089,2.028159805,0.004007679,rbf,"OrderedDict({'C': 0.004007678502454685, 'kernel': 'rbf'})",0.25125,0.25125,0.25125,0.25125,0.2525,0.2515,0.0005,293
44.46096759,8.89245942,9.050619364,4.685738677,0.002368342,rbf,"OrderedDict({'C': 0.0023683419010492924, 'kernel': 'rbf'})",0.25125,0.25125,0.25125,0.25125,0.2525,0.2515,0.0005,293
20.52381306,1.441045301,0.327559423,0.167788242,2.813698793,sigmoid,"OrderedDict({'C': 2.8136987925832835, 'kernel': 'sigmoid'})",0.9325,0.9325,0.9275,0.9275,0.9325,0.9305,0.00244949,274
16.03077803,0.741508948,0.972663689,0.537130168,15.24557059,sigmoid,"OrderedDict({'C': 15.245570585136335, 'kernel': 'sigmoid'})",0.9025,0.9125,0.9075,0.91625,0.905,0.90875,0.005,276
13.17601867,1.005810973,0.294490957,0.209141987,37233.34818,sigmoid,"OrderedDict({'C': 37233.348181744965, 'kernel': 'sigmoid'})",0.8925,0.90875,0.9025,0.895,0.905,0.90075,0.006103278,278
12.42706304,2.931360127,0.316634655,0.200049032,1060.066394,sigmoid,"OrderedDict({'C': 1060.0663943167706, 'kernel': 'sigmoid'})",0.89375,0.89875,0.89875,0.9,0.90625,0.8995,0.004,279
35.42016678,7.290222737,2.329229975,1.873575055,0.039033935,sigmoid,"OrderedDict({'C': 0.039033934755685444, 'kernel': 'sigmoid'})",0.87,0.8575,0.85875,0.84875,0.8675,0.8605,0.007607562,288
53.38853626,2.194488596,8.434435892,1.882723393,1.00E-06,sigmoid,"OrderedDict({'C': 1e-06, 'kernel': 'sigmoid'})",0.25125,0.25125,0.25125,0.25125,0.2525,0.2515,0.0005,293
46.04248672,2.953878818,11.81642351,1.874033346,3.32E-05,sigmoid,"OrderedDict({'C': 3.321855670711854e-05, 'kernel': 'sigmoid'})",0.25125,0.25125,0.25125,0.25125,0.2525,0.2515,0.0005,293
40.76519127,11.6940194,11.34143763,3.143331427,0.001051329,sigmoid,"OrderedDict({'C': 0.0010513294179988763, 'kernel': 'sigmoid'})",0.25125,0.25125,0.25125,0.25125,0.2525,0.2515,0.0005,293
13.3744976,2.843048175,0.299111795,0.204133253,1000000,sigmoid,"OrderedDict({'C': 1000000.0, 'kernel': 'sigmoid'})",0.8925,0.9075,0.89875,0.9,0.90625,0.901,0.005442885,277
26.44991899,2.165545973,0.276856899,0.11545565,0.229729086,sigmoid,"OrderedDict({'C': 0.22972908588183968, 'kernel': 'sigmoid'})",0.88875,0.89375,0.88125,0.88125,0.88875,0.88675,0.00484768,280
27.08125501,1.769471237,0.276423073,0.092019078,0.111529142,sigmoid,"OrderedDict({'C': 0.11152914156517466, 'kernel': 'sigmoid'})",0.885,0.87,0.8625,0.8625,0.87375,0.87075,0.008351647,281
1.967750788,0.035737971,1.65566055,0.096905728,4.161820059,rbf,OrderedDict({'C': 4.161820058758717}),0.979010495,0.970742686,0.975243811,,,0.974998997,0.003379755,
16.48384126,0.24679723,7.708629847,0.533015593,1.47E-05,rbf,OrderedDict({'C': 1.4703923666167404e-05}),0.251124438,0.252063016,0.251312828,,,0.251500094,0.000405408,
2.116996368,0.033216527,1.617496411,0.055975831,3.748304303,rbf,OrderedDict({'C': 3.7483043031891907}),0.979010495,0.970742686,0.975243811,,,0.974998997,0.003379755,
17.31893293,0.165100024,8.359419346,0.237601737,8.88E-08,rbf,OrderedDict({'C': 8.879657995365508e-08}),0.251124438,0.252063016,0.251312828,,,0.251500094,0.000405408,
17.20119309,0.107715247,7.730080843,0.170128298,4.47E-06,rbf,OrderedDict({'C': 4.469722536483772e-06}),0.251124438,0.252063016,0.251312828,,,0.251500094,0.000405408,
1.923235575,0.071996088,1.441319227,0.030570193,5798660.081,rbf,OrderedDict({'C': 5798660.081373344}),0.984257871,0.978244561,0.984996249,,,0.98249956,0.003023802,
1.921647628,0.049765294,1.47335728,0.051063289,2201022579,rbf,OrderedDict({'C': 2201022578.6825824}),0.984257871,0.978244561,0.984996249,,,0.98249956,0.003023802,
2.476320585,0.045842277,1.916255156,0.018366654,1.620992212,rbf,OrderedDict({'C': 1.6209922122564384}),0.973763118,0.96624156,0.96624156,,,0.968748746,0.003545696,
17.60250982,0.060543617,7.861918449,0.2698453,6.94E-09,rbf,OrderedDict({'C': 6.9356942253290026e-09}),0.251124438,0.252063016,0.251312828,,,0.251500094,0.000405408,
18.47129075,0.079899145,8.396580617,0.141779561,0.002458893,rbf,OrderedDict({'C': 0.002458892532387946}),0.448275862,0.452363091,0.462865716,,,0.454501556,0.006145228,
1.875332912,0.06107059,1.434750716,0.05199247,123345402,rbf,OrderedDict({'C': 123345402.02170867}),0.984257871,0.978244561,0.984996249,,,0.98249956,0.003023802,
1.870960156,0.046256522,1.647416353,0.068882616,12623.35327,rbf,OrderedDict({'C': 12623.353271066304}),0.984257871,0.978244561,0.984996249,,,0.98249956,0.003023802,
1.880729755,0.042303735,1.450611035,0.093384537,204939.6435,rbf,OrderedDict({'C': 204939.64347925913}),0.984257871,0.978244561,0.984996249,,,0.98249956,0.003023802,
1.880278985,0.034846816,1.460922082,0.023255716,10000000000,rbf,OrderedDict({'C': 10000000000.0}),0.984257871,0.978244561,0.984996249,,,0.98249956,0.003023802,
1.867327452,0.033376163,1.409898122,0.07042661,524.1057484,rbf,OrderedDict({'C': 524.1057483954007}),0.984257871,0.978244561,0.984996249,,,0.98249956,0.003023802,
1.996158918,0.029449638,1.597403288,0.170715289,2334.471889,rbf,OrderedDict({'C': 2334.4718893457493}),0.984257871,0.978244561,0.984996249,,,0.98249956,0.003023802,
2.320176204,0.058790203,1.730430444,0.008365283,1119649.572,rbf,OrderedDict({'C': 1119649.5721425219}),0.984257871,0.978244561,0.984996249,,,0.98249956,0.003023802,
2.205061436,0.047676098,2.240801175,0.02047154,73.55753111,rbf,OrderedDict({'C': 73.55753111199867}),0.984257871,0.978244561,0.984996249,,,0.98249956,0.003023802,
2.344897588,0.025311564,1.91201671,0.058558547,28597899.13,rbf,OrderedDict({'C': 28597899.12887176}),0.984257871,0.978244561,0.984996249,,,0.98249956,0.003023802,
2.414019823,0.057023941,2.124596596,0.012949232,542267765.2,rbf,OrderedDict({'C': 542267765.2443098}),0.984257871,0.978244561,0.984996249,,,0.98249956,0.003023802,
2.325040976,0.032721164,2.063295762,0.06351245,50949.8643,rbf,OrderedDict({'C': 50949.86430273964}),0.984257871,0.978244561,0.984996249,,,0.98249956,0.003023802,
1.945970297,0.057290256,1.600094,0.08361202,22.16627079,rbf,OrderedDict({'C': 22.16627079395405}),0.985007496,0.977494374,0.984996249,,,0.982499373,0.003539072,
2.152512471,0.047393368,1.484516621,0.071767835,195.098711,rbf,OrderedDict({'C': 195.09871098289253}),0.984257871,0.978244561,0.984996249,,,0.98249956,0.003023802,
3.078202804,0.064813111,1.715968529,0.062906551,4946606532,rbf,OrderedDict({'C': 4946606532.440239}),0.984257871,0.978244561,0.984996249,,,0.98249956,0.003023802,
2.012833277,0.059311821,1.899204572,0.07564078,476819.5596,rbf,OrderedDict({'C': 476819.5595928222}),0.984257871,0.978244561,0.984996249,,,0.98249956,0.003023802,
2.000681162,0.044295811,2.08935674,0.068681879,5433.179778,rbf,OrderedDict({'C': 5433.1797776111825}),0.984257871,0.978244561,0.984996249,,,0.98249956,0.003023802,
2.22592322,0.041001179,1.71557037,0.026043034,2508484.718,rbf,OrderedDict({'C': 2508484.7178176125}),0.984257871,0.978244561,0.984996249,,,0.98249956,0.003023802,
2.287286202,0.039667333,1.731291612,0.014555517,12706745.73,rbf,OrderedDict({'C': 12706745.734030863}),0.984257871,0.978244561,0.984996249,,,0.98249956,0.003023802,
2.084017595,0.05169763,2.150946935,0.037925851,44.1968801,rbf,OrderedDict({'C': 44.196880096356075}),0.984257871,0.978244561,0.984996249,,,0.98249956,0.003023802,
2.190751632,0.05927419,2.13836503,0.011294948,1103.996611,rbf,OrderedDict({'C': 1103.9966110291666}),0.984257871,0.978244561,0.984996249,,,0.98249956,0.003023802,
2.421978951,0.026222301,1.489276727,0.020360457,258727542.1,rbf,OrderedDict({'C': 258727542.1487708}),0.984257871,0.978244561,0.984996249,,,0.98249956,0.003023802,
2.095293522,0.026266793,2.224428177,0.074949236,59276294.6,rbf,OrderedDict({'C': 59276294.601876095}),0.984257871,0.978244561,0.984996249,,,0.98249956,0.003023802,
2.227589369,0.053556612,1.698854287,0.020007443,1095810741,rbf,OrderedDict({'C': 1095810740.9020605}),0.984257871,0.978244561,0.984996249,,,0.98249956,0.003023802,
2.150219123,0.015895583,1.521806637,0.009530706,24990.74265,rbf,OrderedDict({'C': 24990.742649484127}),0.984257871,0.978244561,0.984996249,,,0.98249956,0.003023802,
2.400200208,0.051228317,1.674945831,0.005236275,102465.5623,rbf,OrderedDict({'C': 102465.56229678381}),0.984257871,0.978244561,0.984996249,,,0.98249956,0.003023802,
19.16829713,0.268768244,10.58146548,0.367466174,1.00E-10,rbf,OrderedDict({'C': 1.0030908873456126e-10}),0.251124438,0.252063016,0.251312828,,,0.251500094,0.000405408,
3.578636249,0.069671589,2.604524295,0.149979809,0.320972526,rbf,OrderedDict({'C': 0.32097252551101085}),0.930284858,0.934733683,0.92348087,,,0.929499804,0.004627359,
