mean_fit_time,std_fit_time,mean_score_time,std_score_time,param_criterion,param_min_samples_leaf,param_min_samples_split,param_splitter,params,split0_test_score,split1_test_score,split2_test_score,split3_test_score,split4_test_score,mean_test_score,std_test_score,rank_test_score
0.28696470260620116,0.051860015966366524,0.008893632888793945,0.008136568596991802,log_loss,15,69,random,"OrderedDict({'criterion': 'log_loss', 'min_samples_leaf': 15, 'min_samples_split': 69, 'splitter': 'random'})",0.90375,0.91875,0.9125,0.92625,0.89875,0.9119999999999999,0.009924716620639581,199
1.3538208961486817,0.043237812015843834,0.0016875743865966796,0.0008847348915737152,gini,33,79,best,"OrderedDict({'criterion': 'gini', 'min_samples_leaf': 33, 'min_samples_split': 79, 'splitter': 'best'})",0.9275,0.92,0.9175,0.9175,0.9125,0.9189999999999999,0.0048989794855663635,117
1.3813376903533936,0.03032508001562301,0.0017076492309570312,0.0011856848778129664,gini,28,73,best,"OrderedDict({'criterion': 'gini', 'min_samples_leaf': 28, 'min_samples_split': 73, 'splitter': 'best'})",0.92,0.92,0.91625,0.92,0.9175,0.91875,0.0015811388300842086,119
0.17065801620483398,0.06747284581888374,0.00594797134399414,0.0028759033527514587,entropy,93,69,random,"OrderedDict({'criterion': 'entropy', 'min_samples_leaf': 93, 'min_samples_split': 69, 'splitter': 'random'})",0.885,0.8825,0.87125,0.90375,0.895,0.8875,0.011096170510586104,292
2.0195452213287353,0.10156159597745155,0.0023242950439453123,0.0013541097530943883,entropy,5,11,best,"OrderedDict({'criterion': 'entropy', 'min_samples_leaf': 5, 'min_samples_split': 11, 'splitter': 'best'})",0.92375,0.93125,0.92625,0.91375,0.92375,0.9237499999999998,0.0057008771254957145,74
1.1903649806976317,0.04960203535581556,0.0018739700317382812,0.001676609111262981,gini,55,8,best,"OrderedDict({'criterion': 'gini', 'min_samples_leaf': 55, 'min_samples_split': 8, 'splitter': 'best'})",0.92375,0.915,0.91,0.91125,0.91125,0.91425,0.005037360419902451,173
1.2405941963195801,0.05973013326704317,0.002644920349121094,0.0016006511858865583,gini,44,21,best,"OrderedDict({'criterion': 'gini', 'min_samples_leaf': 44, 'min_samples_split': 21, 'splitter': 'best'})",0.91625,0.90625,0.915,0.91125,0.91125,0.9119999999999999,0.0035000000000000083,199
0.25866217613220216,0.05558692093872164,0.003950357437133789,0.0025337490939599215,log_loss,9,67,random,"OrderedDict({'criterion': 'log_loss', 'min_samples_leaf': 9, 'min_samples_split': 67, 'splitter': 'random'})",0.9325,0.92125,0.925,0.91625,0.91,0.921,0.007640353394968056,106
1.7125854969024659,0.06847656912375656,0.0027618885040283205,0.0012926255070852934,entropy,62,44,best,"OrderedDict({'criterion': 'entropy', 'min_samples_leaf': 62, 'min_samples_split': 44, 'splitter': 'best'})",0.91625,0.91375,0.9175,0.9075,0.9125,0.9135,0.0034820970692960368,186
0.225026273727417,0.029999500718748576,0.0030813217163085938,0.00302061537084116,gini,52,58,random,"OrderedDict({'criterion': 'gini', 'min_samples_leaf': 52, 'min_samples_split': 58, 'splitter': 'random'})",0.9225,0.91,0.9175,0.89125,0.89625,0.9075,0.012015614840697915,224
1.9753189086914062,0.0858164080474158,0.0019795894622802734,0.001888795850707121,gini,2,96,best,"OrderedDict({'criterion': 'gini', 'min_samples_leaf': 2, 'min_samples_split': 96, 'splitter': 'best'})",0.92125,0.9175,0.9025,0.91375,0.9175,0.9145,0.006451743950281983,170
2.270941686630249,0.0729131945060602,0.0026352405548095703,0.0012218014239156786,log_loss,2,2,best,"OrderedDict({'criterion': 'log_loss', 'min_samples_leaf': 2, 'min_samples_split': 2, 'splitter': 'best'})",0.92125,0.925,0.91875,0.91875,0.91625,0.9199999999999999,0.002958039891549829,111
0.4320816516876221,0.05791330770561936,0.0020250797271728514,0.0018001297463658401,gini,2,28,random,"OrderedDict({'criterion': 'gini', 'min_samples_leaf': 2, 'min_samples_split': 28, 'splitter': 'random'})",0.92,0.91125,0.92125,0.9125,0.92875,0.91875,0.006373774391990976,119
1.2734227180480957,0.0506997391704926,0.002599954605102539,0.00294588211087504,gini,75,13,best,"OrderedDict({'criterion': 'gini', 'min_samples_leaf': 75, 'min_samples_split': 13, 'splitter': 'best'})",0.915,0.9075,0.9075,0.91625,0.90625,0.9105000000000001,0.004227883631321958,208
1.1569142818450928,0.040155522085942495,0.0027694225311279295,0.002149450978063145,gini,92,5,best,"OrderedDict({'criterion': 'gini', 'min_samples_leaf': 92, 'min_samples_split': 5, 'splitter': 'best'})",0.91,0.9125,0.895,0.91125,0.90375,0.9065000000000001,0.006490377492873574,236
1.668341302871704,0.03973011580944166,0.0019847869873046873,0.0017801091918505385,log_loss,100,98,best,"OrderedDict({'criterion': 'log_loss', 'min_samples_leaf': 100, 'min_samples_split': 98, 'splitter': 'best'})",0.91,0.91875,0.89375,0.90125,0.9025,0.90525,0.008492643875731494,252
1.8354029655456543,0.060971789416073126,0.0014073371887207032,0.0011647529526995699,log_loss,83,91,best,"OrderedDict({'criterion': 'log_loss', 'min_samples_leaf': 83, 'min_samples_split': 91, 'splitter': 'best'})",0.91,0.91875,0.89375,0.90375,0.9025,0.90575,0.008314144574157922,241
2.1299258708953857,0.08847176498731661,0.0022703170776367187,0.0019055064162061671,log_loss,14,93,best,"OrderedDict({'criterion': 'log_loss', 'min_samples_leaf': 14, 'min_samples_split': 93, 'splitter': 'best'})",0.92625,0.91875,0.91625,0.90625,0.91875,0.9172499999999999,0.006442049363362563,138
0.26619787216186525,0.03753742714505645,0.003157377243041992,0.0011107928508798154,log_loss,69,8,random,"OrderedDict({'criterion': 'log_loss', 'min_samples_leaf': 69, 'min_samples_split': 8, 'splitter': 'random'})",0.895,0.91875,0.91625,0.89,0.89375,0.9027499999999999,0.012180927715079812,263
0.20324549674987794,0.05341114484840852,0.002224636077880859,0.002426775882414294,log_loss,100,92,random,"OrderedDict({'criterion': 'log_loss', 'min_samples_leaf': 100, 'min_samples_split': 92, 'splitter': 'random'})",0.90875,0.91375,0.87625,0.88625,0.88625,0.8942499999999999,0.014439529078193639,281
2.3237377166748048,0.11886296556150211,0.0020700931549072266,0.0014270605870336773,entropy,2,2,best,"OrderedDict({'criterion': 'entropy', 'min_samples_leaf': 2, 'min_samples_split': 2, 'splitter': 'best'})",0.92125,0.925,0.92375,0.9075,0.92125,0.91975,0.0062948391560071,114
0.370345401763916,0.04440456304613877,0.003295421600341797,0.0011496192035963149,entropy,2,99,random,"OrderedDict({'criterion': 'entropy', 'min_samples_leaf': 2, 'min_samples_split': 99, 'splitter': 'random'})",0.92875,0.93125,0.9025,0.90375,0.9075,0.91475,0.012584712948653216,167
2.108636999130249,0.07871439627865917,0.002290201187133789,0.002002749728873555,entropy,31,4,best,"OrderedDict({'criterion': 'entropy', 'min_samples_leaf': 31, 'min_samples_split': 4, 'splitter': 'best'})",0.9275,0.92125,0.92875,0.91625,0.9175,0.92225,0.00508674748734394,89
0.4551032543182373,0.0340143023187038,0.0016090869903564453,0.0009940971571648944,entropy,2,2,random,"OrderedDict({'criterion': 'entropy', 'min_samples_leaf': 2, 'min_samples_split': 2, 'splitter': 'random'})",0.90875,0.91125,0.89,0.9025,0.9125,0.9049999999999999,0.008253787009609579,260
0.39929909706115724,0.03711746148350401,0.0030242919921875,0.0014934587402438387,entropy,35,4,random,"OrderedDict({'criterion': 'entropy', 'min_samples_leaf': 35, 'min_samples_split': 4, 'splitter': 'random'})",0.91875,0.90375,0.9075,0.89625,0.90625,0.9065,0.007262919523166958,237
0.38525729179382323,0.05015836315075434,0.0019752979278564453,0.001832388544772107,entropy,20,93,random,"OrderedDict({'criterion': 'entropy', 'min_samples_leaf': 20, 'min_samples_split': 93, 'splitter': 'random'})",0.92875,0.9075,0.90125,0.87125,0.92,0.9057499999999999,0.019726251544578872,246
2.157896614074707,0.11374586736478035,0.002132749557495117,0.0016853345336278875,entropy,21,2,best,"OrderedDict({'criterion': 'entropy', 'min_samples_leaf': 21, 'min_samples_split': 2, 'splitter': 'best'})",0.93125,0.925,0.93125,0.9225,0.91875,0.9257500000000001,0.004911720676097148,48
0.4116245746612549,0.057930720153164146,0.002476406097412109,0.00043224914652265447,entropy,2,11,random,"OrderedDict({'criterion': 'entropy', 'min_samples_leaf': 2, 'min_samples_split': 11, 'splitter': 'random'})",0.9125,0.9175,0.91875,0.91375,0.9125,0.915,0.0026220221204253757,155
2.041250801086426,0.08455846137711093,0.001554727554321289,0.0020922838268816906,entropy,32,99,best,"OrderedDict({'criterion': 'entropy', 'min_samples_leaf': 32, 'min_samples_split': 99, 'splitter': 'best'})",0.92625,0.92,0.91875,0.9075,0.91875,0.9182499999999999,0.006051859218455117,126
2.1393165588378906,0.10064599528205997,0.0026879310607910156,0.0019659113985621224,entropy,2,72,best,"OrderedDict({'criterion': 'entropy', 'min_samples_leaf': 2, 'min_samples_split': 72, 'splitter': 'best'})",0.93375,0.9175,0.92625,0.9125,0.91875,0.92175,0.007441438033068611,97
2.151694488525391,0.1563489431734759,0.0013255596160888672,0.0008541976046271646,entropy,100,3,best,"OrderedDict({'criterion': 'entropy', 'min_samples_leaf': 100, 'min_samples_split': 3, 'splitter': 'best'})",0.91,0.91875,0.89375,0.90125,0.9025,0.90525,0.008492643875731494,252
1.935333013534546,0.19157264303432722,0.003607368469238281,0.003262621431405256,entropy,100,95,best,"OrderedDict({'criterion': 'entropy', 'min_samples_leaf': 100, 'min_samples_split': 95, 'splitter': 'best'})",0.91,0.91875,0.89375,0.90125,0.9025,0.90525,0.008492643875731494,252
2.110281229019165,0.18707775530907444,0.0019299983978271484,0.0016619731180429259,entropy,100,2,best,"OrderedDict({'criterion': 'entropy', 'min_samples_leaf': 100, 'min_samples_split': 2, 'splitter': 'best'})",0.91,0.91875,0.89375,0.90125,0.9025,0.90525,0.008492643875731494,252
2.0956557750701905,0.16099901080025397,0.0009881973266601563,0.0010299786968938824,entropy,100,98,best,"OrderedDict({'criterion': 'entropy', 'min_samples_leaf': 100, 'min_samples_split': 98, 'splitter': 'best'})",0.91,0.91875,0.89375,0.90125,0.9025,0.90525,0.008492643875731494,252
2.12557315826416,0.18537272705317376,0.002246713638305664,0.0016320378623775977,entropy,100,8,best,"OrderedDict({'criterion': 'entropy', 'min_samples_leaf': 100, 'min_samples_split': 8, 'splitter': 'best'})",0.91,0.91875,0.89375,0.90125,0.9025,0.90525,0.008492643875731494,252
2.1024848937988283,0.20696419759188453,0.0016177177429199218,0.0014413683994506515,entropy,81,95,best,"OrderedDict({'criterion': 'entropy', 'min_samples_leaf': 81, 'min_samples_split': 95, 'splitter': 'best'})",0.91625,0.91875,0.89375,0.90375,0.9025,0.907,0.00927361849549568,225
2.073463249206543,0.2170255065592717,0.0016863822937011718,0.0008599085090067872,entropy,100,88,best,"OrderedDict({'criterion': 'entropy', 'min_samples_leaf': 100, 'min_samples_split': 88, 'splitter': 'best'})",0.91,0.91875,0.89375,0.90125,0.9025,0.90525,0.008492643875731494,252
2.230625295639038,0.21419058804399158,0.0007073402404785157,0.0008819906943733662,entropy,73,5,best,"OrderedDict({'criterion': 'entropy', 'min_samples_leaf': 73, 'min_samples_split': 5, 'splitter': 'best'})",0.91625,0.91875,0.89375,0.90375,0.9025,0.907,0.00927361849549568,225
2.4498112201690674,0.1699515044024463,0.004026460647583008,0.0030473438931349255,entropy,2,92,best,"OrderedDict({'criterion': 'entropy', 'min_samples_leaf': 2, 'min_samples_split': 92, 'splitter': 'best'})",0.9325,0.91625,0.91625,0.905,0.91875,0.9177500000000001,0.008782084035125136,132
0.24686875343322753,0.027966588862715653,0.002869272232055664,0.0025532196304732433,log_loss,77,50,random,"OrderedDict({'criterion': 'log_loss', 'min_samples_leaf': 77, 'min_samples_split': 50, 'splitter': 'random'})",0.9125,0.89125,0.8775,0.89,0.9025,0.8947499999999999,0.011895377253370323,278
0.5355386734008789,0.05163678500924009,0.0017666816711425781,0.001924837352874021,gini,2,3,random,"OrderedDict({'criterion': 'gini', 'min_samples_leaf': 2, 'min_samples_split': 3, 'splitter': 'random'})",0.90125,0.91125,0.89625,0.90625,0.92,0.907,0.00820060973342838,225
0.4948627471923828,0.09152924987738607,0.004960441589355468,0.006680452615244898,gini,2,98,random,"OrderedDict({'criterion': 'gini', 'min_samples_leaf': 2, 'min_samples_split': 98, 'splitter': 'random'})",0.91,0.89375,0.89125,0.90875,0.89875,0.9004999999999999,0.007648529270389166,268
0.4795186519622803,0.03221295222388705,0.004955005645751953,0.0033396799964117265,log_loss,2,6,random,"OrderedDict({'criterion': 'log_loss', 'min_samples_leaf': 2, 'min_samples_split': 6, 'splitter': 'random'})",0.91625,0.905,0.90625,0.92875,0.895,0.9102499999999999,0.011440061188647533,214
2.0410943984985352,0.10172699543341816,0.004456710815429687,0.003297832631900393,gini,2,18,best,"OrderedDict({'criterion': 'gini', 'min_samples_leaf': 2, 'min_samples_split': 18, 'splitter': 'best'})",0.93125,0.92625,0.91125,0.92875,0.92125,0.9237499999999998,0.007071067811865474,74
2.268983745574951,0.07644558307399067,0.001308584213256836,0.0015361003918587192,log_loss,3,2,best,"OrderedDict({'criterion': 'log_loss', 'min_samples_leaf': 3, 'min_samples_split': 2, 'splitter': 'best'})",0.92375,0.92125,0.9175,0.92,0.915,0.9195,0.0030207614933986265,116
0.3765632152557373,0.09685716962835593,0.0063382148742675785,0.00322305998832305,gini,2,100,random,"OrderedDict({'criterion': 'gini', 'min_samples_leaf': 2, 'min_samples_split': 100, 'splitter': 'random'})",0.92875,0.91375,0.91375,0.91375,0.91625,0.9172499999999999,0.005830951894845303,138
2.369990682601929,0.08148698213850437,0.002174520492553711,0.0010410164160752288,entropy,2,9,best,"OrderedDict({'criterion': 'entropy', 'min_samples_leaf': 2, 'min_samples_split': 9, 'splitter': 'best'})",0.91375,0.91625,0.915,0.91375,0.9125,0.91425,0.001274754878398217,173
2.051195478439331,0.1035920775449507,0.0022719383239746095,0.0018817258599982116,gini,2,5,best,"OrderedDict({'criterion': 'gini', 'min_samples_leaf': 2, 'min_samples_split': 5, 'splitter': 'best'})",0.93375,0.9175,0.90875,0.91625,0.91375,0.9179999999999999,0.008426149773176362,128
2.0575851440429687,0.11650965333527964,0.0015584468841552735,0.0014084608634514094,gini,2,2,best,"OrderedDict({'criterion': 'gini', 'min_samples_leaf': 2, 'min_samples_split': 2, 'splitter': 'best'})",0.9375,0.9275,0.90375,0.91625,0.92875,0.92275,0.011656543226874743,84
0.41486620903015137,0.07805786559792102,0.003726673126220703,0.003658589902730752,gini,2,4,random,"OrderedDict({'criterion': 'gini', 'min_samples_leaf': 2, 'min_samples_split': 4, 'splitter': 'random'})",0.9225,0.93375,0.91375,0.91625,0.90375,0.9179999999999999,0.009924716620639581,128
2.745026397705078,0.1380406997945896,0.0017394065856933595,0.0017894446923579573,log_loss,32,99,best,"OrderedDict({'criterion': 'log_loss', 'min_samples_leaf': 32, 'min_samples_split': 99, 'splitter': 'best'})",0.92625,0.92,0.91875,0.9075,0.91875,0.9182499999999999,0.006051859218455117,126
2.8124274253845214,0.1759587245721712,0.00436553955078125,0.002912370065626543,log_loss,19,2,best,"OrderedDict({'criterion': 'log_loss', 'min_samples_leaf': 19, 'min_samples_split': 2, 'splitter': 'best'})",0.93125,0.92375,0.925,0.9225,0.9175,0.924,0.004430011286667353,68
2.88276948928833,0.10041727719579537,0.002410888671875,0.0013217127574265423,log_loss,20,2,best,"OrderedDict({'criterion': 'log_loss', 'min_samples_leaf': 20, 'min_samples_split': 2, 'splitter': 'best'})",0.93,0.925,0.93125,0.9225,0.91875,0.9254999999999999,0.004650268809434597,51
2.542473649978638,0.2658688175276052,0.0023239612579345702,0.001963616758367406,log_loss,34,5,best,"OrderedDict({'criterion': 'log_loss', 'min_samples_leaf': 34, 'min_samples_split': 5, 'splitter': 'best'})",0.92625,0.92125,0.925,0.915,0.91875,0.92125,0.004107919181288753,102
2.4265881061553953,0.31883350122024934,0.0013071537017822266,0.001670788381567239,log_loss,36,2,best,"OrderedDict({'criterion': 'log_loss', 'min_samples_leaf': 36, 'min_samples_split': 2, 'splitter': 'best'})",0.92625,0.92125,0.925,0.915,0.92,0.9215,0.003984344362627304,100
2.433929681777954,0.3103363672918563,0.0018436908721923828,0.0016236332124528175,log_loss,23,2,best,"OrderedDict({'criterion': 'log_loss', 'min_samples_leaf': 23, 'min_samples_split': 2, 'splitter': 'best'})",0.92875,0.9225,0.93625,0.92,0.9175,0.925,0.006754628043053152,58
2.638344955444336,0.1248739467182427,0.0021445751190185547,0.002995869600620425,log_loss,41,100,best,"OrderedDict({'criterion': 'log_loss', 'min_samples_leaf': 41, 'min_samples_split': 100, 'splitter': 'best'})",0.92375,0.92,0.91625,0.9075,0.91625,0.9167499999999998,0.005396758286230729,142
2.6747212409973145,0.09673214929857929,0.0018174171447753907,0.0017005824999672113,log_loss,46,4,best,"OrderedDict({'criterion': 'log_loss', 'min_samples_leaf': 46, 'min_samples_split': 4, 'splitter': 'best'})",0.92375,0.9125,0.9125,0.9075,0.91375,0.914,0.005326818938165624,176
2.541874361038208,0.2650897298031033,0.0021819114685058595,0.002784183153942531,log_loss,2,96,best,"OrderedDict({'criterion': 'log_loss', 'min_samples_leaf': 2, 'min_samples_split': 96, 'splitter': 'best'})",0.93125,0.91625,0.91625,0.905,0.9175,0.9172499999999999,0.008344159634139318,138
2.6275736808776857,0.2724743334286937,0.0010262489318847655,0.00128800264698373,log_loss,2,95,best,"OrderedDict({'criterion': 'log_loss', 'min_samples_leaf': 2, 'min_samples_split': 95, 'splitter': 'best'})",0.9325,0.9175,0.91625,0.905,0.9175,0.9177500000000002,0.008746427842267942,131
2.198134756088257,0.056750836422343076,0.0017254352569580078,0.002531569357157632,log_loss,21,100,best,"OrderedDict({'criterion': 'log_loss', 'min_samples_leaf': 21, 'min_samples_split': 100, 'splitter': 'best'})",0.92625,0.92,0.91625,0.90875,0.91875,0.9179999999999999,0.005678908345800297,128
2.098590087890625,0.09150984355806821,0.0002009868621826172,0.0004019737243652344,entropy,43,16,best,"OrderedDict({'criterion': 'entropy', 'min_samples_leaf': 43, 'min_samples_split': 16, 'splitter': 'best'})",0.92375,0.9125,0.91375,0.9075,0.91625,0.91475,0.005326818938165627,167
2.2524054527282713,0.05592083820575526,0.001620006561279297,0.00236650499651464,entropy,20,2,best,"OrderedDict({'criterion': 'entropy', 'min_samples_leaf': 20, 'min_samples_split': 2, 'splitter': 'best'})",0.93,0.925,0.93125,0.9225,0.91875,0.9254999999999999,0.004650268809434597,51
1.6590489387512206,0.11462414593150577,0.0035909175872802734,0.0020248067447914747,gini,19,2,best,"OrderedDict({'criterion': 'gini', 'min_samples_leaf': 19, 'min_samples_split': 2, 'splitter': 'best'})",0.925,0.9325,0.93,0.92,0.935,0.9285,0.0053851648071345,19
1.6281630516052246,0.06275625547133405,0.0021444320678710937,0.0017669313115412275,gini,20,2,best,"OrderedDict({'criterion': 'gini', 'min_samples_leaf': 20, 'min_samples_split': 2, 'splitter': 'best'})",0.92,0.9325,0.93,0.92125,0.935,0.92775,0.0060415229867972885,35
2.163195991516113,0.14485435875895225,0.001729440689086914,0.0017611340333877228,entropy,18,100,best,"OrderedDict({'criterion': 'entropy', 'min_samples_leaf': 18, 'min_samples_split': 100, 'splitter': 'best'})",0.92625,0.92,0.91625,0.9075,0.91875,0.9177500000000001,0.006093028803476986,132
0.4126465320587158,0.04600915388542725,0.0023041725158691405,0.0019563077488141466,gini,32,2,random,"OrderedDict({'criterion': 'gini', 'min_samples_leaf': 32, 'min_samples_split': 2, 'splitter': 'random'})",0.90875,0.91875,0.90125,0.93125,0.89625,0.9112499999999999,0.01254990039801114,205
0.4277180671691895,0.043992881046678214,0.0009150505065917969,0.0012241364695565894,gini,39,100,random,"OrderedDict({'criterion': 'gini', 'min_samples_leaf': 39, 'min_samples_split': 100, 'splitter': 'random'})",0.88125,0.8925,0.89875,0.89625,0.91625,0.8969999999999999,0.011335784048754648,276
0.3893914222717285,0.037140235502217143,0.0035425662994384766,0.0023176908962712684,gini,26,3,random,"OrderedDict({'criterion': 'gini', 'min_samples_leaf': 26, 'min_samples_split': 3, 'splitter': 'random'})",0.9375,0.91875,0.9075,0.91875,0.9175,0.9199999999999999,0.009714679613862734,111
0.31630825996398926,0.09154596079986768,0.004273843765258789,0.0018580984670826105,log_loss,30,99,random,"OrderedDict({'criterion': 'log_loss', 'min_samples_leaf': 30, 'min_samples_split': 99, 'splitter': 'random'})",0.9225,0.94375,0.905,0.885,0.91,0.91325,0.019455076458343705,190
1.543787145614624,0.07916310337623472,0.00254669189453125,0.0023661646434150114,gini,53,100,best,"OrderedDict({'criterion': 'gini', 'min_samples_leaf': 53, 'min_samples_split': 100, 'splitter': 'best'})",0.92375,0.915,0.91375,0.91125,0.91125,0.915,0.00460977222864643,155
1.8009659767150878,0.11297496718458683,0.0033492088317871095,0.0026048722916149508,gini,17,39,best,"OrderedDict({'criterion': 'gini', 'min_samples_leaf': 17, 'min_samples_split': 39, 'splitter': 'best'})",0.9325,0.93,0.92625,0.9225,0.93625,0.9295,0.004782781617427258,2
1.7374537467956543,0.07625150141258055,0.0021724700927734375,0.003002142334278938,gini,17,29,best,"OrderedDict({'criterion': 'gini', 'min_samples_leaf': 17, 'min_samples_split': 29, 'splitter': 'best'})",0.9325,0.93125,0.92375,0.9225,0.93625,0.92925,0.005279678020485739,5
1.811788845062256,0.0873219191325019,0.0019217491149902343,0.0015787606979726788,gini,17,28,best,"OrderedDict({'criterion': 'gini', 'min_samples_leaf': 17, 'min_samples_split': 28, 'splitter': 'best'})",0.9325,0.93125,0.92375,0.9225,0.93625,0.92925,0.005279678020485739,5
1.4166004657745361,0.09731554392012491,0.0032486915588378906,0.00183845159685268,gini,62,99,best,"OrderedDict({'criterion': 'gini', 'min_samples_leaf': 62, 'min_samples_split': 99, 'splitter': 'best'})",0.91625,0.91125,0.9075,0.915,0.9075,0.9115,0.0036571847095819687,202
2.113192558288574,0.12090413587938637,0.0014017105102539062,0.0017167377586091589,log_loss,60,100,best,"OrderedDict({'criterion': 'log_loss', 'min_samples_leaf': 60, 'min_samples_split': 100, 'splitter': 'best'})",0.91625,0.91375,0.9175,0.9075,0.9125,0.9135,0.0034820970692960368,186
2.3475751876831055,0.14163448489771013,0.0009021759033203125,0.0012024645326960972,log_loss,12,43,best,"OrderedDict({'criterion': 'log_loss', 'min_samples_leaf': 12, 'min_samples_split': 43, 'splitter': 'best'})",0.93375,0.925,0.925,0.92125,0.91875,0.9247500000000001,0.005086747487343949,61
0.2631659507751465,0.06987910803501483,0.005550289154052734,0.002709451121323943,entropy,62,100,random,"OrderedDict({'criterion': 'entropy', 'min_samples_leaf': 62, 'min_samples_split': 100, 'splitter': 'random'})",0.9075,0.91125,0.90125,0.92,0.88875,0.90575,0.010446291207888087,241
0.30529031753540037,0.056869332097784046,0.0024117946624755858,0.0009126316834297617,gini,64,100,random,"OrderedDict({'criterion': 'gini', 'min_samples_leaf': 64, 'min_samples_split': 100, 'splitter': 'random'})",0.90125,0.90125,0.89,0.90875,0.9075,0.90175,0.006642665127793191,266
1.3679390907287599,0.09997164569417377,0.0008380413055419922,0.0010158895298464882,gini,59,100,best,"OrderedDict({'criterion': 'gini', 'min_samples_leaf': 59, 'min_samples_split': 100, 'splitter': 'best'})",0.91625,0.9125,0.91,0.915,0.91625,0.914,0.002423839928708163,176
2.5795217514038087,0.25892617464844153,0.0032417774200439453,0.0038037803544233423,log_loss,24,44,best,"OrderedDict({'criterion': 'log_loss', 'min_samples_leaf': 24, 'min_samples_split': 44, 'splitter': 'best'})",0.9275,0.9225,0.93625,0.91625,0.91875,0.92425,0.007097534783289209,67
2.3846248626708983,0.1581748423823631,0.001205110549926758,0.0014759548160325612,gini,2,46,best,"OrderedDict({'criterion': 'gini', 'min_samples_leaf': 2, 'min_samples_split': 46, 'splitter': 'best'})",0.925,0.9225,0.915,0.925,0.93,0.9235,0.004898979485566363,76
2.402947521209717,0.09732589008799382,0.0030582427978515627,0.0031437396254601177,gini,2,50,best,"OrderedDict({'criterion': 'gini', 'min_samples_leaf': 2, 'min_samples_split': 50, 'splitter': 'best'})",0.92625,0.9225,0.91375,0.92875,0.92625,0.9235,0.005267826876426384,76
1.8474093914031982,0.2145485386916781,0.0020069599151611326,0.0030397228159726912,gini,15,34,best,"OrderedDict({'criterion': 'gini', 'min_samples_leaf': 15, 'min_samples_split': 34, 'splitter': 'best'})",0.9275,0.925,0.92625,0.9225,0.93375,0.9269999999999999,0.0037583240945932134,43
2.38409218788147,0.20259648806622346,0.0001216888427734375,0.000243377685546875,entropy,2,47,best,"OrderedDict({'criterion': 'entropy', 'min_samples_leaf': 2, 'min_samples_split': 47, 'splitter': 'best'})",0.925,0.9225,0.92375,0.9125,0.91625,0.9200000000000002,0.0048088460154178435,109
1.8725599765777587,0.13151040481638937,0.0010081291198730468,0.0013853180642769696,gini,13,38,best,"OrderedDict({'criterion': 'gini', 'min_samples_leaf': 13, 'min_samples_split': 38, 'splitter': 'best'})",0.9275,0.925,0.9275,0.92125,0.93625,0.9275,0.004937104414532876,37
2.4417317390441893,0.2833932862165915,0.001527881622314453,0.0011120335161508596,entropy,30,49,best,"OrderedDict({'criterion': 'entropy', 'min_samples_leaf': 30, 'min_samples_split': 49, 'splitter': 'best'})",0.9275,0.92125,0.92875,0.91625,0.915,0.92175,0.005623610939600975,97
2.5890015602111816,0.14346416529629327,0.0008257865905761719,0.0013618294981234307,entropy,16,55,best,"OrderedDict({'criterion': 'entropy', 'min_samples_leaf': 16, 'min_samples_split': 55, 'splitter': 'best'})",0.92875,0.9175,0.925,0.915,0.92,0.92125,0.004999999999999988,102
2.5630470275878907,0.1456787549394805,0.0025343894958496094,0.003826996772673002,log_loss,2,41,best,"OrderedDict({'criterion': 'log_loss', 'min_samples_leaf': 2, 'min_samples_split': 41, 'splitter': 'best'})",0.92625,0.9275,0.92375,0.92125,0.915,0.92275,0.004430011286667324,84
0.2464913845062256,0.044330308848838006,0.005673885345458984,0.0035959429597017863,gini,100,3,random,"OrderedDict({'criterion': 'gini', 'min_samples_leaf': 100, 'min_samples_split': 3, 'splitter': 'random'})",0.87375,0.8975,0.8825,0.88875,0.88625,0.88575,0.007770135133960014,293
1.6162099838256836,0.03396236161564439,0.002254295349121094,0.00023880980817516994,gini,27,3,best,"OrderedDict({'criterion': 'gini', 'min_samples_leaf': 27, 'min_samples_split': 3, 'splitter': 'best'})",0.91875,0.9225,0.92375,0.92,0.925,0.922,0.002318404623873936,94
1.6792370319366454,0.06612403098867214,0.00109710693359375,0.0010125085549799186,gini,25,3,best,"OrderedDict({'criterion': 'gini', 'min_samples_leaf': 25, 'min_samples_split': 3, 'splitter': 'best'})",0.91875,0.925,0.92375,0.92375,0.92875,0.924,0.0032015621187164323,68
1.7192716598510742,0.02999851956987534,0.0021846771240234377,0.000617062167488959,gini,16,2,best,"OrderedDict({'criterion': 'gini', 'min_samples_leaf': 16, 'min_samples_split': 2, 'splitter': 'best'})",0.92875,0.92875,0.92625,0.92125,0.93625,0.92825,0.004847679857416331,30
1.6247249603271485,0.09665788147499363,0.0018127918243408202,0.0016084872260022803,gini,26,28,best,"OrderedDict({'criterion': 'gini', 'min_samples_leaf': 26, 'min_samples_split': 28, 'splitter': 'best'})",0.91875,0.92125,0.92375,0.92125,0.925,0.922,0.002179449471770354,94
0.4782236099243164,0.080180241690292,0.004460334777832031,0.002295156658328156,gini,18,37,random,"OrderedDict({'criterion': 'gini', 'min_samples_leaf': 18, 'min_samples_split': 37, 'splitter': 'random'})",0.91125,0.92125,0.90625,0.91875,0.91125,0.91375,0.005477225575051656,183
0.4755544662475586,0.0772182109847021,0.0041142463684082035,0.0035345333288443865,gini,25,39,random,"OrderedDict({'criterion': 'gini', 'min_samples_leaf': 25, 'min_samples_split': 39, 'splitter': 'random'})",0.9025,0.925,0.90375,0.915,0.91375,0.9120000000000001,0.008238628526642052,197
0.44837493896484376,0.06168237152737588,0.0037453174591064453,0.0002734919463493899,log_loss,23,36,random,"OrderedDict({'criterion': 'log_loss', 'min_samples_leaf': 23, 'min_samples_split': 36, 'splitter': 'random'})",0.9275,0.91875,0.915,0.905,0.91375,0.916,0.007305819598101218,148
0.48373708724975584,0.07256325186776583,0.0019368171691894532,0.0011648804210690332,gini,2,49,random,"OrderedDict({'criterion': 'gini', 'min_samples_leaf': 2, 'min_samples_split': 49, 'splitter': 'random'})",0.91875,0.91,0.9,0.9075,0.92875,0.9129999999999999,0.009893179468704667,195
0.40975351333618165,0.07095183897537953,0.0018634796142578125,0.0012840517628749611,log_loss,3,44,random,"OrderedDict({'criterion': 'log_loss', 'min_samples_leaf': 3, 'min_samples_split': 44, 'splitter': 'random'})",0.925,0.92625,0.915,0.915,0.91875,0.9200000000000002,0.0048088460154178374,109
1.2343040466308595,0.0668723066482204,0.0033368587493896483,0.003291809500480519,gini,100,52,best,"OrderedDict({'criterion': 'gini', 'min_samples_leaf': 100, 'min_samples_split': 52, 'splitter': 'best'})",0.91,0.9125,0.895,0.90375,0.89875,0.9040000000000001,0.006585969936159732,261
1.7360825061798095,0.05718867388929448,0.0015018939971923827,0.0030037879943847655,gini,16,22,best,"OrderedDict({'criterion': 'gini', 'min_samples_leaf': 16, 'min_samples_split': 22, 'splitter': 'best'})",0.92875,0.9275,0.92625,0.92125,0.93625,0.9279999999999999,0.004847679857416332,32
1.7562541961669922,0.054661951515892024,0.0023204326629638673,0.0046408653259277345,gini,16,21,best,"OrderedDict({'criterion': 'gini', 'min_samples_leaf': 16, 'min_samples_split': 21, 'splitter': 'best'})",0.92875,0.9275,0.92625,0.92125,0.93625,0.9279999999999999,0.004847679857416332,32
0.5798799514770507,0.05248170350671556,0.0062716960906982425,0.005146765738909139,gini,51,3,random,"OrderedDict({'criterion': 'gini', 'min_samples_leaf': 51, 'min_samples_split': 3, 'splitter': 'random'})",0.90375,0.9125,0.89125,0.905,0.88625,0.8997499999999998,0.009598176910226242,270
1.7734113693237306,0.046460133887891136,0.0016036510467529296,0.002335232420855719,gini,13,2,best,"OrderedDict({'criterion': 'gini', 'min_samples_leaf': 13, 'min_samples_split': 2, 'splitter': 'best'})",0.92875,0.92625,0.92875,0.92375,0.935,0.9285,0.003741657386773967,19
0.5409829616546631,0.06452071672521185,0.0023363590240478515,0.0035305946766681375,log_loss,56,3,random,"OrderedDict({'criterion': 'log_loss', 'min_samples_leaf': 56, 'min_samples_split': 3, 'splitter': 'random'})",0.92375,0.91125,0.9025,0.87375,0.9,0.9022500000000001,0.0164962116863236,265
0.5212262153625489,0.02372652318904288,0.004937458038330078,0.0020135939081636356,entropy,54,2,random,"OrderedDict({'criterion': 'entropy', 'min_samples_leaf': 54, 'min_samples_split': 2, 'splitter': 'random'})",0.9225,0.9175,0.90625,0.8925,0.9075,0.9092499999999999,0.010356157588603998,219
0.5499654293060303,0.05573674642347781,0.003973197937011719,0.004927230107807512,gini,14,2,random,"OrderedDict({'criterion': 'gini', 'min_samples_leaf': 14, 'min_samples_split': 2, 'splitter': 'random'})",0.93625,0.915,0.91,0.9225,0.91,0.91875,0.009874208829065744,119
1.7554070949554443,0.08592292850433553,0.002506542205810547,0.002742073898404404,gini,14,2,best,"OrderedDict({'criterion': 'gini', 'min_samples_leaf': 14, 'min_samples_split': 2, 'splitter': 'best'})",0.92875,0.92625,0.925,0.9225,0.93375,0.9272500000000001,0.0038242646351945722,38
0.4825085163116455,0.047802459530120855,0.004238700866699219,0.0038967533974253532,gini,58,4,random,"OrderedDict({'criterion': 'gini', 'min_samples_leaf': 58, 'min_samples_split': 4, 'splitter': 'random'})",0.905,0.90875,0.88625,0.89625,0.8875,0.8967500000000002,0.009034655499796328,277
0.45102577209472655,0.05099191966164661,0.002839326858520508,0.0018831992682999815,log_loss,17,2,random,"OrderedDict({'criterion': 'log_loss', 'min_samples_leaf': 17, 'min_samples_split': 2, 'splitter': 'random'})",0.93625,0.9225,0.93625,0.9125,0.91125,0.9237500000000001,0.010925886691706094,71
2.2049376487731935,0.17379624204740607,0.0009248733520507812,0.0007555978279812771,log_loss,46,66,best,"OrderedDict({'criterion': 'log_loss', 'min_samples_leaf': 46, 'min_samples_split': 66, 'splitter': 'best'})",0.92375,0.9125,0.9125,0.9075,0.91375,0.914,0.005326818938165624,176
2.0637442588806154,0.05996287707833735,0.0035600185394287108,0.003542308149523134,gini,15,18,best,"OrderedDict({'criterion': 'gini', 'min_samples_leaf': 15, 'min_samples_split': 18, 'splitter': 'best'})",0.92875,0.925,0.92625,0.9225,0.93375,0.9272500000000001,0.0038242646351945722,38
2.4941720962524414,0.06778485978900642,0.0015097618103027343,0.001387962514151339,log_loss,44,59,best,"OrderedDict({'criterion': 'log_loss', 'min_samples_leaf': 44, 'min_samples_split': 59, 'splitter': 'best'})",0.92375,0.9125,0.91375,0.9075,0.91625,0.91475,0.005326818938165627,167
2.4586830615997313,0.08889312431097807,0.003856372833251953,0.003442154654026072,log_loss,51,62,best,"OrderedDict({'criterion': 'log_loss', 'min_samples_leaf': 51, 'min_samples_split': 62, 'splitter': 'best'})",0.92,0.91625,0.9125,0.91125,0.91375,0.9147500000000001,0.003102418411497734,161
1.8687862396240233,0.2161072258084692,0.003929615020751953,0.003901452724939039,gini,15,19,best,"OrderedDict({'criterion': 'gini', 'min_samples_leaf': 15, 'min_samples_split': 19, 'splitter': 'best'})",0.92875,0.925,0.92625,0.9225,0.93375,0.9272500000000001,0.0038242646351945722,38
2.236286973953247,0.22518317584416192,0.00153350830078125,0.0019485104390908638,entropy,47,70,best,"OrderedDict({'criterion': 'entropy', 'min_samples_leaf': 47, 'min_samples_split': 70, 'splitter': 'best'})",0.92375,0.9125,0.9125,0.9075,0.91375,0.914,0.005326818938165624,176
1.7303454875946045,0.04201361772213807,0.0015248298645019532,0.0023315382877522562,gini,50,62,best,"OrderedDict({'criterion': 'gini', 'min_samples_leaf': 50, 'min_samples_split': 62, 'splitter': 'best'})",0.92375,0.915,0.91375,0.91125,0.91125,0.915,0.00460977222864643,155
1.5999422550201416,0.16621465019839918,0.003024578094482422,0.004491966074119158,gini,57,66,best,"OrderedDict({'criterion': 'gini', 'min_samples_leaf': 57, 'min_samples_split': 66, 'splitter': 'best'})",0.91875,0.9125,0.91125,0.915,0.91125,0.91375,0.002850438562747833,183
2.2133063793182375,0.16870157111124723,0.001349496841430664,0.0012054770275101289,log_loss,49,69,best,"OrderedDict({'criterion': 'log_loss', 'min_samples_leaf': 49, 'min_samples_split': 69, 'splitter': 'best'})",0.92,0.92,0.9125,0.9075,0.91375,0.9147500000000001,0.0047696960070847585,161
1.7270030498504638,0.07014304804159896,0.0037102699279785156,0.003822324331291426,gini,45,57,best,"OrderedDict({'criterion': 'gini', 'min_samples_leaf': 45, 'min_samples_split': 57, 'splitter': 'best'})",0.92,0.90625,0.915,0.91125,0.91125,0.91275,0.004568916720624283,196
2.0666049480438233,0.06865130968982294,0.0038546085357666015,0.003357407862853672,gini,15,99,best,"OrderedDict({'criterion': 'gini', 'min_samples_leaf': 15, 'min_samples_split': 99, 'splitter': 'best'})",0.92125,0.9175,0.91125,0.9075,0.92,0.9155,0.005279678020485735,152
2.7369597434997557,0.08152015506316915,0.0025110721588134767,0.003888124136584365,log_loss,12,3,best,"OrderedDict({'criterion': 'log_loss', 'min_samples_leaf': 12, 'min_samples_split': 3, 'splitter': 'best'})",0.93,0.92875,0.91625,0.9225,0.91875,0.92325,0.005396758286230737,79
2.590974807739258,0.15157855118452118,0.0007086753845214844,0.0014173507690429686,entropy,12,4,best,"OrderedDict({'criterion': 'entropy', 'min_samples_leaf': 12, 'min_samples_split': 4, 'splitter': 'best'})",0.93,0.92875,0.91875,0.91875,0.915,0.92225,0.005989574275355476,89
1.9676956176757812,0.15970941409202605,0.0014344215393066405,0.0014246816623101478,gini,11,99,best,"OrderedDict({'criterion': 'gini', 'min_samples_leaf': 11, 'min_samples_split': 99, 'splitter': 'best'})",0.9175,0.9175,0.91125,0.9075,0.92125,0.9149999999999998,0.004937104414532882,159
1.8710683822631835,0.17624888251774506,0.0024234771728515623,0.00020754878367383508,gini,12,3,best,"OrderedDict({'criterion': 'gini', 'min_samples_leaf': 12, 'min_samples_split': 3, 'splitter': 'best'})",0.92375,0.925,0.92875,0.9125,0.9325,0.9244999999999999,0.0067360967926537434,64
1.9079362392425536,0.05167971793941761,0.0017414093017578125,0.001438271266176017,gini,10,3,best,"OrderedDict({'criterion': 'gini', 'min_samples_leaf': 10, 'min_samples_split': 3, 'splitter': 'best'})",0.92,0.9275,0.9225,0.91125,0.93,0.92225,0.006538348415311016,89
2.1533202171325683,0.04249133944691743,0.0014328956604003906,0.001858302277403976,gini,11,98,best,"OrderedDict({'criterion': 'gini', 'min_samples_leaf': 11, 'min_samples_split': 98, 'splitter': 'best'})",0.9175,0.9175,0.91125,0.9075,0.92125,0.9149999999999998,0.004937104414532882,159
2.183453607559204,0.036378194846009036,0.00040130615234375,0.0008026123046875001,gini,9,2,best,"OrderedDict({'criterion': 'gini', 'min_samples_leaf': 9, 'min_samples_split': 2, 'splitter': 'best'})",0.915,0.9275,0.9175,0.92625,0.92,0.92125,0.004873397172404475,102
2.0344332695007323,0.118695100456596,0.0014048576354980468,0.002138146221568038,gini,10,96,best,"OrderedDict({'criterion': 'gini', 'min_samples_leaf': 10, 'min_samples_split': 96, 'splitter': 'best'})",0.9175,0.9175,0.91125,0.91,0.91625,0.9145,0.003221024681681266,170
2.0619747161865236,0.09801794550798872,0.003475046157836914,0.0021052208929066827,gini,10,2,best,"OrderedDict({'criterion': 'gini', 'min_samples_leaf': 10, 'min_samples_split': 2, 'splitter': 'best'})",0.91625,0.9275,0.92375,0.91375,0.93,0.92225,0.0062948391560071065,89
2.658537721633911,0.17331048590974504,0.0004008769989013672,0.0008017539978027344,log_loss,19,39,best,"OrderedDict({'criterion': 'log_loss', 'min_samples_leaf': 19, 'min_samples_split': 39, 'splitter': 'best'})",0.93375,0.92375,0.925,0.9225,0.9175,0.9244999999999999,0.005279678020485716,64
2.748149538040161,0.18976123384562454,0.001402902603149414,0.0018303402758704829,log_loss,13,42,best,"OrderedDict({'criterion': 'log_loss', 'min_samples_leaf': 13, 'min_samples_split': 42, 'splitter': 'best'})",0.93375,0.93,0.925,0.92125,0.91625,0.9252500000000001,0.006194755846681928,54
2.719906806945801,0.14636771596093315,0.001409292221069336,0.0012482219945050015,log_loss,22,36,best,"OrderedDict({'criterion': 'log_loss', 'min_samples_leaf': 22, 'min_samples_split': 36, 'splitter': 'best'})",0.93,0.92,0.93375,0.92375,0.92,0.9255000000000001,0.005511351921262136,50
2.0165557861328125,0.16650150655200296,0.00244293212890625,0.0018405653069673155,gini,17,25,best,"OrderedDict({'criterion': 'gini', 'min_samples_leaf': 17, 'min_samples_split': 25, 'splitter': 'best'})",0.9325,0.93125,0.92375,0.9225,0.93625,0.92925,0.005279678020485739,5
2.3750885009765623,0.24260581144252513,0.0020112514495849608,0.0025085471969296005,log_loss,60,2,best,"OrderedDict({'criterion': 'log_loss', 'min_samples_leaf': 60, 'min_samples_split': 2, 'splitter': 'best'})",0.91625,0.91375,0.9175,0.9075,0.9125,0.9135,0.0034820970692960368,186
2.532866334915161,0.11910014443840675,0.0037021636962890625,0.0015105269218485564,log_loss,63,2,best,"OrderedDict({'criterion': 'log_loss', 'min_samples_leaf': 63, 'min_samples_split': 2, 'splitter': 'best'})",0.91625,0.91875,0.9175,0.9075,0.9125,0.9145,0.004077376607575023,170
2.4002145290374757,0.11411250154856835,0.0010265827178955079,0.001048182877165683,log_loss,65,2,best,"OrderedDict({'criterion': 'log_loss', 'min_samples_leaf': 65, 'min_samples_split': 2, 'splitter': 'best'})",0.91625,0.91875,0.89375,0.9075,0.9125,0.9097499999999998,0.008852965604812864,218
2.345233678817749,0.18997541413681926,0.002204227447509766,0.002981607872668258,log_loss,78,2,best,"OrderedDict({'criterion': 'log_loss', 'min_samples_leaf': 78, 'min_samples_split': 2, 'splitter': 'best'})",0.91625,0.91875,0.89375,0.90375,0.9025,0.907,0.00927361849549568,225
2.0272459983825684,0.20590859839169126,0.004283475875854492,0.0030034202946565966,log_loss,98,3,best,"OrderedDict({'criterion': 'log_loss', 'min_samples_leaf': 98, 'min_samples_split': 3, 'splitter': 'best'})",0.91,0.91875,0.89375,0.90125,0.9025,0.90525,0.008492643875731494,252
2.2214780330657957,0.20785741474317207,0.0004021644592285156,0.0008043289184570312,log_loss,87,3,best,"OrderedDict({'criterion': 'log_loss', 'min_samples_leaf': 87, 'min_samples_split': 3, 'splitter': 'best'})",0.91,0.91875,0.89375,0.90375,0.9025,0.90575,0.008314144574157922,241
0.5452734470367432,0.0958330535615462,0.004533910751342773,0.003447680425972416,gini,82,100,random,"OrderedDict({'criterion': 'gini', 'min_samples_leaf': 82, 'min_samples_split': 100, 'splitter': 'random'})",0.91375,0.905,0.8725,0.89,0.8925,0.8947499999999999,0.014062361110425208,278
0.5289571762084961,0.08098525463361729,0.006244039535522461,0.005139312955033573,log_loss,78,99,random,"OrderedDict({'criterion': 'log_loss', 'min_samples_leaf': 78, 'min_samples_split': 99, 'splitter': 'random'})",0.9025,0.9125,0.895,0.89875,0.88625,0.899,0.008638576271585492,271
0.5926780223846435,0.03555064383835844,0.005389261245727539,0.003757057155614979,log_loss,80,100,random,"OrderedDict({'criterion': 'log_loss', 'min_samples_leaf': 80, 'min_samples_split': 100, 'splitter': 'random'})",0.91625,0.91,0.88625,0.8775,0.90125,0.89825,0.014461154863979597,272
0.568815040588379,0.08457447842830335,0.00383453369140625,0.0027728219634648816,gini,77,99,random,"OrderedDict({'criterion': 'gini', 'min_samples_leaf': 77, 'min_samples_split': 99, 'splitter': 'random'})",0.90375,0.9125,0.88,0.89875,0.90375,0.89975,0.010822430410956681,269
0.47617278099060056,0.1370148281979992,0.010023117065429688,0.010559191428247273,entropy,83,100,random,"OrderedDict({'criterion': 'entropy', 'min_samples_leaf': 83, 'min_samples_split': 100, 'splitter': 'random'})",0.89,0.885,0.8775,0.87375,0.8825,0.88175,0.005678908345800278,298
0.5289057731628418,0.09695571836949861,0.006650876998901367,0.00578970421418643,entropy,39,52,random,"OrderedDict({'criterion': 'entropy', 'min_samples_leaf': 39, 'min_samples_split': 52, 'splitter': 'random'})",0.91375,0.9125,0.90625,0.895,0.90125,0.9057499999999999,0.007008922884438074,246
0.5340275287628173,0.08476740954706409,0.005067205429077149,0.003967244016223123,gini,80,100,random,"OrderedDict({'criterion': 'gini', 'min_samples_leaf': 80, 'min_samples_split': 100, 'splitter': 'random'})",0.90375,0.9075,0.88625,0.8575,0.89875,0.8907499999999999,0.018107318962231812,287
0.5016409873962402,0.09696309631267393,0.0020465850830078125,0.001901510213803538,log_loss,35,65,random,"OrderedDict({'criterion': 'log_loss', 'min_samples_leaf': 35, 'min_samples_split': 65, 'splitter': 'random'})",0.94,0.89625,0.9125,0.89625,0.92375,0.91375,0.016751865567750938,183
0.4980778694152832,0.06761542161810111,0.0034157752990722655,0.0025308404791644337,log_loss,42,65,random,"OrderedDict({'criterion': 'log_loss', 'min_samples_leaf': 42, 'min_samples_split': 65, 'splitter': 'random'})",0.8975,0.91625,0.895,0.92375,0.89875,0.90625,0.011537980759214311,239
0.44058980941772463,0.08653242727784566,0.0026987552642822265,0.002544509046912856,log_loss,43,44,random,"OrderedDict({'criterion': 'log_loss', 'min_samples_leaf': 43, 'min_samples_split': 44, 'splitter': 'random'})",0.915,0.93375,0.89875,0.90875,0.9175,0.9147500000000001,0.011494563932572631,161
0.5641929626464843,0.03181855503417471,0.003110647201538086,0.0018090260463088776,log_loss,18,2,random,"OrderedDict({'criterion': 'log_loss', 'min_samples_leaf': 18, 'min_samples_split': 2, 'splitter': 'random'})",0.9325,0.915,0.9125,0.9225,0.90875,0.9182500000000001,0.00842614977317637,125
1.6780468463897704,0.03257985069949701,0.0011181354522705079,0.0017758957512178945,gini,18,19,best,"OrderedDict({'criterion': 'gini', 'min_samples_leaf': 18, 'min_samples_split': 19, 'splitter': 'best'})",0.9325,0.9325,0.92375,0.92,0.93625,0.9289999999999999,0.006093028803476971,11
0.5363011837005616,0.07551511390521498,0.0046577930450439455,0.00512746525011502,log_loss,26,2,random,"OrderedDict({'criterion': 'log_loss', 'min_samples_leaf': 26, 'min_samples_split': 2, 'splitter': 'random'})",0.9125,0.90625,0.91375,0.915,0.89625,0.9087500000000001,0.006937218462755804,221
0.4632112503051758,0.10976080354247297,0.0029523372650146484,0.002471988095445894,log_loss,2,100,random,"OrderedDict({'criterion': 'log_loss', 'min_samples_leaf': 2, 'min_samples_split': 100, 'splitter': 'random'})",0.9225,0.90375,0.9025,0.91625,0.8975,0.9084999999999999,0.00933407735129724,223
2.1189762592315673,0.05677942118994932,0.001509237289428711,0.0014904235248102552,entropy,4,71,best,"OrderedDict({'criterion': 'entropy', 'min_samples_leaf': 4, 'min_samples_split': 71, 'splitter': 'best'})",0.935,0.9175,0.92625,0.91375,0.92125,0.92275,0.007390872749547275,84
0.45501093864440917,0.10779587253240691,0.0056610584259033205,0.005573686196248475,log_loss,2,96,random,"OrderedDict({'criterion': 'log_loss', 'min_samples_leaf': 2, 'min_samples_split': 96, 'splitter': 'random'})",0.925,0.9125,0.91875,0.92625,0.9125,0.9189999999999999,0.005884301147969933,117
0.3962099552154541,0.049871883683968575,0.006087636947631836,0.001804057007976507,log_loss,29,2,random,"OrderedDict({'criterion': 'log_loss', 'min_samples_leaf': 29, 'min_samples_split': 2, 'splitter': 'random'})",0.91625,0.90125,0.9,0.9225,0.90625,0.9092499999999999,0.008753570700005792,219
0.49890708923339844,0.03005557028691411,0.002089405059814453,0.0022163510045259374,log_loss,2,98,random,"OrderedDict({'criterion': 'log_loss', 'min_samples_leaf': 2, 'min_samples_split': 98, 'splitter': 'random'})",0.92625,0.93625,0.90875,0.915,0.895,0.9162500000000001,0.014208272238382832,145
0.41127376556396483,0.09324339790898929,0.002759218215942383,0.0009717613716332397,log_loss,35,5,random,"OrderedDict({'criterion': 'log_loss', 'min_samples_leaf': 35, 'min_samples_split': 5, 'splitter': 'random'})",0.92375,0.9225,0.89625,0.91875,0.90875,0.914,0.010319883720275142,176
0.43855605125427244,0.04301792882968268,0.006157016754150391,0.0025881359298902317,gini,24,2,random,"OrderedDict({'criterion': 'gini', 'min_samples_leaf': 24, 'min_samples_split': 2, 'splitter': 'random'})",0.93625,0.91125,0.90125,0.91125,0.90625,0.91325,0.012083045973594582,190
2.1338544845581056,0.059596792765622304,0.0020056724548339843,0.004011344909667969,gini,17,22,best,"OrderedDict({'criterion': 'gini', 'min_samples_leaf': 17, 'min_samples_split': 22, 'splitter': 'best'})",0.9325,0.93125,0.92375,0.9225,0.93625,0.92925,0.005279678020485739,5
2.839990472793579,0.1327764181833261,0.002331256866455078,0.001966566088165746,entropy,19,40,best,"OrderedDict({'criterion': 'entropy', 'min_samples_leaf': 19, 'min_samples_split': 40, 'splitter': 'best'})",0.93375,0.92375,0.93125,0.9225,0.9175,0.9257500000000001,0.005947688626685164,48
2.88070387840271,0.0648087207149987,0.0012064933776855468,0.001604749968380966,log_loss,10,43,best,"OrderedDict({'criterion': 'log_loss', 'min_samples_leaf': 10, 'min_samples_split': 43, 'splitter': 'best'})",0.92875,0.92625,0.925,0.915,0.9175,0.9225000000000001,0.005303300858899098,87
1.9633341789245606,0.21327811550349898,0.0029126644134521485,0.0027189589832533278,gini,16,26,best,"OrderedDict({'criterion': 'gini', 'min_samples_leaf': 16, 'min_samples_split': 26, 'splitter': 'best'})",0.92875,0.9275,0.92625,0.92125,0.93625,0.9279999999999999,0.004847679857416332,32
2.435079336166382,0.2768428649732995,0.006863212585449219,0.0027909324475851875,log_loss,25,48,best,"OrderedDict({'criterion': 'log_loss', 'min_samples_leaf': 25, 'min_samples_split': 48, 'splitter': 'best'})",0.93125,0.92375,0.93625,0.91625,0.91875,0.9252499999999999,0.007516648189186473,55
2.03825101852417,0.17101541459405561,0.0012508392333984374,0.0014869529613527933,gini,17,26,best,"OrderedDict({'criterion': 'gini', 'min_samples_leaf': 17, 'min_samples_split': 26, 'splitter': 'best'})",0.9325,0.93125,0.925,0.9225,0.93625,0.9295,0.005037360419902475,2
2.6245893001556397,0.23193595680462156,0.0016168594360351563,0.0022057268454974996,log_loss,2,50,best,"OrderedDict({'criterion': 'log_loss', 'min_samples_leaf': 2, 'min_samples_split': 50, 'splitter': 'best'})",0.93375,0.92125,0.92375,0.91125,0.915,0.921,0.007762087348129992,106
2.75548939704895,0.17640075322291565,0.0023061275482177735,0.0025662021129862073,log_loss,13,51,best,"OrderedDict({'criterion': 'log_loss', 'min_samples_leaf': 13, 'min_samples_split': 51, 'splitter': 'best'})",0.93375,0.92625,0.925,0.915,0.91875,0.9237500000000001,0.006471089552772383,71
2.610413599014282,0.139403375494666,0.0010349273681640625,0.0007113391679281515,log_loss,13,28,best,"OrderedDict({'criterion': 'log_loss', 'min_samples_leaf': 13, 'min_samples_split': 28, 'splitter': 'best'})",0.9275,0.92875,0.9175,0.92125,0.92125,0.92325,0.004227883631321932,79
2.46767373085022,0.2701989112279651,0.002610588073730469,0.00248831611603423,log_loss,26,36,best,"OrderedDict({'criterion': 'log_loss', 'min_samples_leaf': 26, 'min_samples_split': 36, 'splitter': 'best'})",0.93125,0.92875,0.93625,0.91625,0.91875,0.9262499999999999,0.007582875444051565,44
1.8017754554748535,0.0908071231042094,0.0016116619110107422,0.0021954059305661446,gini,18,20,best,"OrderedDict({'criterion': 'gini', 'min_samples_leaf': 18, 'min_samples_split': 20, 'splitter': 'best'})",0.9325,0.9325,0.9225,0.92,0.93625,0.92875,0.006324555320336755,14
1.7208310127258302,0.09666833492397557,0.0011014461517333985,0.0022028923034667974,gini,33,2,best,"OrderedDict({'criterion': 'gini', 'min_samples_leaf': 33, 'min_samples_split': 2, 'splitter': 'best'})",0.9275,0.92,0.9175,0.9175,0.9175,0.9199999999999999,0.0038729833462074204,111
1.8643487453460694,0.053142949560227117,0.002984762191772461,0.0015994503385495676,gini,19,18,best,"OrderedDict({'criterion': 'gini', 'min_samples_leaf': 19, 'min_samples_split': 18, 'splitter': 'best'})",0.925,0.9325,0.93,0.92,0.935,0.9285,0.0053851648071345,19
2.284900093078613,0.13491168444502447,0.0019387245178222657,0.0015910473096936997,entropy,22,2,best,"OrderedDict({'criterion': 'entropy', 'min_samples_leaf': 22, 'min_samples_split': 2, 'splitter': 'best'})",0.92875,0.92,0.93375,0.92375,0.92,0.9252499999999999,0.005326818938165601,55
1.6492008209228515,0.11442093215906311,0.002645730972290039,0.0026311249430010374,gini,28,3,best,"OrderedDict({'criterion': 'gini', 'min_samples_leaf': 28, 'min_samples_split': 3, 'splitter': 'best'})",0.91875,0.92375,0.92875,0.9175,0.92375,0.9225,0.004031128874149271,88
1.802600622177124,0.06487953106198384,0.0013370037078857422,0.002674007415771485,gini,20,15,best,"OrderedDict({'criterion': 'gini', 'min_samples_leaf': 20, 'min_samples_split': 15, 'splitter': 'best'})",0.92,0.9325,0.93,0.92125,0.935,0.92775,0.0060415229867972885,35
1.7115038871765136,0.09701098378126256,0.00292820930480957,0.0024281302642260466,gini,20,12,best,"OrderedDict({'criterion': 'gini', 'min_samples_leaf': 20, 'min_samples_split': 12, 'splitter': 'best'})",0.92375,0.9325,0.93,0.92125,0.935,0.9285,0.005208166663999933,19
0.3455162525177002,0.04575767984904117,0.00257258415222168,0.0015437102283914858,log_loss,52,100,random,"OrderedDict({'criterion': 'log_loss', 'min_samples_leaf': 52, 'min_samples_split': 100, 'splitter': 'random'})",0.9,0.905,0.89375,0.9025,0.8875,0.89775,0.006344288770224772,274
1.7802847385406495,0.06734697521644117,0.0015485286712646484,0.0010841965176622455,gini,21,10,best,"OrderedDict({'criterion': 'gini', 'min_samples_leaf': 21, 'min_samples_split': 10, 'splitter': 'best'})",0.92625,0.93125,0.93,0.925,0.93375,0.92925,0.0032210246816812625,5
0.3147240161895752,0.07777934395547231,0.0027953147888183593,0.0024490772588037484,log_loss,55,100,random,"OrderedDict({'criterion': 'log_loss', 'min_samples_leaf': 55, 'min_samples_split': 100, 'splitter': 'random'})",0.895,0.90875,0.88125,0.9025,0.885,0.8945000000000001,0.010325938214031676,280
2.3671402454376222,0.038766143754187556,0.001013469696044922,0.001393404976858464,log_loss,71,62,best,"OrderedDict({'criterion': 'log_loss', 'min_samples_leaf': 71, 'min_samples_split': 62, 'splitter': 'best'})",0.91625,0.91875,0.89375,0.90375,0.9025,0.907,0.00927361849549568,225
1.6611280918121338,0.0647035445084018,0.0,0.0,gini,71,63,best,"OrderedDict({'criterion': 'gini', 'min_samples_leaf': 71, 'min_samples_split': 63, 'splitter': 'best'})",0.915,0.9075,0.9075,0.91625,0.905,0.9102500000000001,0.00450000000000001,211
1.5926324844360351,0.02804025406612569,0.0024426460266113283,0.0022079934462164055,gini,72,100,best,"OrderedDict({'criterion': 'gini', 'min_samples_leaf': 72, 'min_samples_split': 100, 'splitter': 'best'})",0.915,0.9075,0.9075,0.91625,0.905,0.9102500000000001,0.00450000000000001,211
2.1761435508728026,0.18881725126401505,0.0015069961547851563,0.0030139923095703126,log_loss,71,92,best,"OrderedDict({'criterion': 'log_loss', 'min_samples_leaf': 71, 'min_samples_split': 92, 'splitter': 'best'})",0.91625,0.91875,0.89375,0.90375,0.9025,0.907,0.00927361849549568,225
2.0743131160736086,0.17358188633072208,0.002546262741088867,0.0016218975203919617,log_loss,71,90,best,"OrderedDict({'criterion': 'log_loss', 'min_samples_leaf': 71, 'min_samples_split': 90, 'splitter': 'best'})",0.91625,0.91875,0.89375,0.90375,0.9025,0.907,0.00927361849549568,225
1.4049720287322998,0.1441300805990989,0.001613283157348633,0.0015943186446896109,gini,71,86,best,"OrderedDict({'criterion': 'gini', 'min_samples_leaf': 71, 'min_samples_split': 86, 'splitter': 'best'})",0.915,0.9075,0.9075,0.91625,0.905,0.9102500000000001,0.00450000000000001,211
2.2839791774749756,0.1379009949192087,0.000748443603515625,0.0006447733338721601,entropy,69,98,best,"OrderedDict({'criterion': 'entropy', 'min_samples_leaf': 69, 'min_samples_split': 98, 'splitter': 'best'})",0.91625,0.91875,0.89375,0.90375,0.9025,0.907,0.00927361849549568,225
2.252166414260864,0.14249065264696809,0.0013381004333496093,0.001798870549917713,log_loss,71,100,best,"OrderedDict({'criterion': 'log_loss', 'min_samples_leaf': 71, 'min_samples_split': 100, 'splitter': 'best'})",0.91625,0.91875,0.89375,0.90375,0.9025,0.907,0.00927361849549568,225
1.4991090297698975,0.11806193858523635,0.001833486557006836,0.002225180012936958,gini,74,99,best,"OrderedDict({'criterion': 'gini', 'min_samples_leaf': 74, 'min_samples_split': 99, 'splitter': 'best'})",0.915,0.9075,0.9075,0.91625,0.90625,0.9105000000000001,0.004227883631321958,208
2.170867395401001,0.2006467786514141,0.0008008480072021484,0.0016016960144042969,entropy,73,78,best,"OrderedDict({'criterion': 'entropy', 'min_samples_leaf': 73, 'min_samples_split': 78, 'splitter': 'best'})",0.91625,0.91875,0.89375,0.90375,0.9025,0.907,0.00927361849549568,225
1.8702181339263917,0.08641207701402946,0.00311894416809082,0.001781676677128723,gini,21,61,best,"OrderedDict({'criterion': 'gini', 'min_samples_leaf': 21, 'min_samples_split': 61, 'splitter': 'best'})",0.92625,0.9225,0.91625,0.91875,0.925,0.92175,0.0037583240945932433,97
1.6676936626434327,0.10584621982622361,0.005144929885864258,0.0027035630027965754,gini,42,100,best,"OrderedDict({'criterion': 'gini', 'min_samples_leaf': 42, 'min_samples_split': 100, 'splitter': 'best'})",0.92125,0.91,0.9125,0.91125,0.91125,0.91325,0.004077376607575023,190
1.964557933807373,0.03637446226199841,0.0019043445587158202,0.001688854281973823,gini,19,26,best,"OrderedDict({'criterion': 'gini', 'min_samples_leaf': 19, 'min_samples_split': 26, 'splitter': 'best'})",0.925,0.9325,0.93,0.92,0.935,0.9285,0.0053851648071345,19
1.7905495166778564,0.09254288319163294,0.0007781505584716797,0.0011011850493967202,gini,36,100,best,"OrderedDict({'criterion': 'gini', 'min_samples_leaf': 36, 'min_samples_split': 100, 'splitter': 'best'})",0.92625,0.91875,0.9125,0.9125,0.9125,0.9164999999999999,0.005442885264269323,144
1.8469635009765626,0.057635362412102945,0.0021029949188232423,0.002694214328355816,gini,27,99,best,"OrderedDict({'criterion': 'gini', 'min_samples_leaf': 27, 'min_samples_split': 99, 'splitter': 'best'})",0.92125,0.91625,0.9125,0.91,0.91625,0.91525,0.0038242646351945883,154
1.7776713848114014,0.03953477629691184,0.002178049087524414,0.0018631299126573798,gini,37,100,best,"OrderedDict({'criterion': 'gini', 'min_samples_leaf': 37, 'min_samples_split': 100, 'splitter': 'best'})",0.92625,0.91875,0.9125,0.91125,0.9125,0.91625,0.005645794895318115,146
1.9837330818176269,0.05880023742444391,0.0026609420776367186,0.0014213754533737462,gini,19,32,best,"OrderedDict({'criterion': 'gini', 'min_samples_leaf': 19, 'min_samples_split': 32, 'splitter': 'best'})",0.925,0.9325,0.93,0.92,0.935,0.9285,0.0053851648071345,19
1.7380699157714843,0.10781796118726447,0.004185533523559571,0.0030758155429103365,gini,29,100,best,"OrderedDict({'criterion': 'gini', 'min_samples_leaf': 29, 'min_samples_split': 100, 'splitter': 'best'})",0.9225,0.92,0.9125,0.9125,0.91375,0.91625,0.004183300132670395,146
1.470290231704712,0.10038802247363934,0.0010014057159423828,0.002002811431884766,gini,90,100,best,"OrderedDict({'criterion': 'gini', 'min_samples_leaf': 90, 'min_samples_split': 100, 'splitter': 'best'})",0.91,0.9125,0.895,0.9125,0.90375,0.9067500000000001,0.00668954408012981,235
1.4145329475402832,0.09457077158147827,0.0019132614135742188,0.003124147817509681,gini,95,100,best,"OrderedDict({'criterion': 'gini', 'min_samples_leaf': 95, 'min_samples_split': 100, 'splitter': 'best'})",0.91,0.9125,0.895,0.90375,0.89875,0.9040000000000001,0.006585969936159732,261
0.5520754814147949,0.04985045209303382,0.003704690933227539,0.003957511635097502,gini,79,2,random,"OrderedDict({'criterion': 'gini', 'min_samples_leaf': 79, 'min_samples_split': 2, 'splitter': 'random'})",0.87625,0.8975,0.88625,0.87375,0.87875,0.8825000000000001,0.008587782018658816,297
0.5751947879791259,0.048007882222301866,0.0036354541778564455,0.0008964572231757105,gini,84,3,random,"OrderedDict({'criterion': 'gini', 'min_samples_leaf': 84, 'min_samples_split': 3, 'splitter': 'random'})",0.88625,0.91125,0.87,0.87375,0.8475,0.87775,0.020907534527055065,299
0.5479727268218995,0.11273557621838798,0.005231332778930664,0.0030288010842905375,entropy,81,2,random,"OrderedDict({'criterion': 'entropy', 'min_samples_leaf': 81, 'min_samples_split': 2, 'splitter': 'random'})",0.89625,0.905,0.87625,0.87625,0.88625,0.8879999999999999,0.011280514172678497,291
0.5073688983917236,0.11197111631144092,0.006609821319580078,0.008300712843527189,log_loss,87,2,random,"OrderedDict({'criterion': 'log_loss', 'min_samples_leaf': 87, 'min_samples_split': 2, 'splitter': 'random'})",0.90125,0.9075,0.905,0.87625,0.87125,0.89225,0.015317473682040403,282
0.5888026237487793,0.02846645896943573,0.005722570419311524,0.0033105144722883877,gini,83,2,random,"OrderedDict({'criterion': 'gini', 'min_samples_leaf': 83, 'min_samples_split': 2, 'splitter': 'random'})",0.9025,0.89625,0.9025,0.8975,0.8875,0.89725,0.005500000000000004,275
0.44291348457336427,0.10615290346972896,0.003966045379638672,0.002136054411726222,log_loss,84,2,random,"OrderedDict({'criterion': 'log_loss', 'min_samples_leaf': 84, 'min_samples_split': 2, 'splitter': 'random'})",0.89125,0.8675,0.86375,0.86875,0.865,0.8712500000000001,0.010155048005794939,300
0.5728496551513672,0.06699113023692699,0.004405593872070313,0.0009466338223436336,log_loss,10,29,random,"OrderedDict({'criterion': 'log_loss', 'min_samples_leaf': 10, 'min_samples_split': 29, 'splitter': 'random'})",0.92875,0.93625,0.915,0.91625,0.91875,0.923,0.008200609733428363,81
0.5284614086151123,0.02795062879848413,0.003626251220703125,0.0008720410751431831,gini,88,2,random,"OrderedDict({'criterion': 'gini', 'min_samples_leaf': 88, 'min_samples_split': 2, 'splitter': 'random'})",0.89625,0.885,0.8775,0.89,0.905,0.89075,0.00940744386111341,286
0.44312405586242676,0.09875331561418174,0.004575586318969727,0.004394490487891468,gini,84,2,random,"OrderedDict({'criterion': 'gini', 'min_samples_leaf': 84, 'min_samples_split': 2, 'splitter': 'random'})",0.895,0.89125,0.875,0.88625,0.87125,0.88375,0.009185586535436928,295
0.5088548183441162,0.08450942319979735,0.0025318145751953127,0.0031429732503980338,gini,10,29,random,"OrderedDict({'criterion': 'gini', 'min_samples_leaf': 10, 'min_samples_split': 29, 'splitter': 'random'})",0.9225,0.915,0.9075,0.92375,0.92375,0.9185000000000001,0.006393355926272201,122
1.800146484375,0.1411347462283937,0.0017577171325683593,0.002215466196112924,gini,31,41,best,"OrderedDict({'criterion': 'gini', 'min_samples_leaf': 31, 'min_samples_split': 41, 'splitter': 'best'})",0.92,0.91125,0.9175,0.9175,0.91875,0.917,0.003020761493398643,141
1.9536751747131347,0.1342263843027077,0.001003408432006836,0.0012689288995975866,gini,19,22,best,"OrderedDict({'criterion': 'gini', 'min_samples_leaf': 19, 'min_samples_split': 22, 'splitter': 'best'})",0.925,0.9325,0.93,0.92,0.935,0.9285,0.0053851648071345,19
2.612033557891846,0.1058234138149174,0.0025394916534423827,0.0024208626810581215,log_loss,31,42,best,"OrderedDict({'criterion': 'log_loss', 'min_samples_leaf': 31, 'min_samples_split': 42, 'splitter': 'best'})",0.9275,0.92125,0.92875,0.91625,0.92125,0.9229999999999998,0.004582575694955825,83
1.8251149654388428,0.15177359488725753,0.0029337406158447266,0.0037622808834262404,gini,19,23,best,"OrderedDict({'criterion': 'gini', 'min_samples_leaf': 19, 'min_samples_split': 23, 'splitter': 'best'})",0.925,0.9325,0.93,0.92,0.935,0.9285,0.0053851648071345,19
2.466384840011597,0.29263972570797037,0.0008240222930908203,0.0007586169791011719,entropy,26,38,best,"OrderedDict({'criterion': 'entropy', 'min_samples_leaf': 26, 'min_samples_split': 38, 'splitter': 'best'})",0.93125,0.92875,0.93625,0.91625,0.91875,0.9262499999999999,0.007582875444051565,44
1.7281132221221924,0.17837867648061242,0.001839590072631836,0.00152507610660158,gini,20,23,best,"OrderedDict({'criterion': 'gini', 'min_samples_leaf': 20, 'min_samples_split': 23, 'splitter': 'best'})",0.92375,0.9325,0.93,0.92125,0.935,0.9285,0.005208166663999933,19
1.6873513221740724,0.1895084564280302,0.004532146453857422,0.0042989685449830554,gini,30,37,best,"OrderedDict({'criterion': 'gini', 'min_samples_leaf': 30, 'min_samples_split': 37, 'splitter': 'best'})",0.91875,0.915,0.9175,0.9175,0.91875,0.9174999999999999,0.001369306393762886,137
2.471373748779297,0.23718580085134364,0.0020265579223632812,0.0017170218671383626,log_loss,32,42,best,"OrderedDict({'criterion': 'log_loss', 'min_samples_leaf': 32, 'min_samples_split': 42, 'splitter': 'best'})",0.9275,0.92125,0.92875,0.915,0.91875,0.92225,0.0052081666639998995,89
2.4817325592041017,0.17660707551794333,0.0020340919494628907,0.0017748536531280023,log_loss,27,25,best,"OrderedDict({'criterion': 'log_loss', 'min_samples_leaf': 27, 'min_samples_split': 25, 'splitter': 'best'})",0.92875,0.92125,0.93625,0.91625,0.915,0.9235,0.007999999999999993,76
1.8588788986206055,0.01888649113511035,0.0,0.0,gini,21,25,best,"OrderedDict({'criterion': 'gini', 'min_samples_leaf': 21, 'min_samples_split': 25, 'splitter': 'best'})",0.93,0.93125,0.93,0.925,0.93375,0.93,0.002850438562747823,1
0.6107272148132324,0.020347890665011383,0.003932476043701172,0.004254140880701848,gini,13,100,random,"OrderedDict({'criterion': 'gini', 'min_samples_leaf': 13, 'min_samples_split': 100, 'splitter': 'random'})",0.9175,0.92,0.9125,0.895,0.90375,0.9097500000000001,0.009233092656309685,216
0.526755428314209,0.06586956832798076,0.0024062633514404298,0.003882810772769144,entropy,15,100,random,"OrderedDict({'criterion': 'entropy', 'min_samples_leaf': 15, 'min_samples_split': 100, 'splitter': 'random'})",0.905,0.91,0.9025,0.905,0.9275,0.9099999999999999,0.00908295106229247,215
0.5047017097473144,0.03309208185080317,0.005229806900024414,0.004503427797966398,gini,13,98,random,"OrderedDict({'criterion': 'gini', 'min_samples_leaf': 13, 'min_samples_split': 98, 'splitter': 'random'})",0.91375,0.90625,0.89125,0.88,0.92125,0.9024999999999999,0.014999999999999996,264
1.5396236896514892,0.05816790539388528,0.0019113540649414063,0.0011611917818561128,gini,18,5,best,"OrderedDict({'criterion': 'gini', 'min_samples_leaf': 18, 'min_samples_split': 5, 'splitter': 'best'})",0.9325,0.9325,0.92375,0.92,0.93625,0.9289999999999999,0.006093028803476971,11
0.4359395503997803,0.12138450652473325,0.0050014019012451175,0.0051304446786918645,entropy,10,99,random,"OrderedDict({'criterion': 'entropy', 'min_samples_leaf': 10, 'min_samples_split': 99, 'splitter': 'random'})",0.9275,0.90875,0.90625,0.89875,0.9025,0.9087500000000001,0.009968701018688434,221
0.437532377243042,0.11981873004413096,0.004089069366455078,0.004145012492685186,gini,9,98,random,"OrderedDict({'criterion': 'gini', 'min_samples_leaf': 9, 'min_samples_split': 98, 'splitter': 'random'})",0.92625,0.9275,0.90875,0.92,0.895,0.9155000000000001,0.012211674741819818,149
0.506934642791748,0.11476105787649342,0.0025061607360839845,0.003881659691537873,gini,11,100,random,"OrderedDict({'criterion': 'gini', 'min_samples_leaf': 11, 'min_samples_split': 100, 'splitter': 'random'})",0.92625,0.925,0.90125,0.90125,0.89875,0.9105000000000001,0.012389511693363874,208
0.526604700088501,0.04312567752140514,0.0028048038482666017,0.0039245942852300176,entropy,8,100,random,"OrderedDict({'criterion': 'entropy', 'min_samples_leaf': 8, 'min_samples_split': 100, 'splitter': 'random'})",0.91,0.915,0.9125,0.91,0.91875,0.91325,0.0033166247903553777,190
0.4520219326019287,0.05496600785768255,0.0047549247741699215,0.003229542067024998,log_loss,11,100,random,"OrderedDict({'criterion': 'log_loss', 'min_samples_leaf': 11, 'min_samples_split': 100, 'splitter': 'random'})",0.92,0.92375,0.91,0.895,0.91,0.91175,0.009987492177719078,201
0.4513391494750977,0.037189453425291445,0.002198934555053711,0.0021092865040450636,gini,11,98,random,"OrderedDict({'criterion': 'gini', 'min_samples_leaf': 11, 'min_samples_split': 98, 'splitter': 'random'})",0.905,0.8975,0.9025,0.905,0.92,0.906,0.007516648189186478,240
2.2604220390319822,0.12719172489010755,0.0023697376251220702,0.00021981409973299005,gini,9,50,best,"OrderedDict({'criterion': 'gini', 'min_samples_leaf': 9, 'min_samples_split': 50, 'splitter': 'best'})",0.92625,0.9175,0.9275,0.92875,0.93,0.9259999999999999,0.004430011286667348,47
2.6157515048980713,0.1003442166385011,0.0013257503509521485,0.0012752241529414838,gini,2,55,best,"OrderedDict({'criterion': 'gini', 'min_samples_leaf': 2, 'min_samples_split': 55, 'splitter': 'best'})",0.93125,0.92375,0.915,0.92875,0.925,0.9247500000000001,0.005556527692723206,61
2.1648297786712645,0.04482854442075999,0.0031102657318115234,0.002413180685289965,gini,17,23,best,"OrderedDict({'criterion': 'gini', 'min_samples_leaf': 17, 'min_samples_split': 23, 'splitter': 'best'})",0.9325,0.93125,0.92375,0.9225,0.93625,0.92925,0.005279678020485739,5
2.0650564193725587,0.19434724031214776,0.001989126205444336,0.0018803614779724313,gini,9,54,best,"OrderedDict({'criterion': 'gini', 'min_samples_leaf': 9, 'min_samples_split': 54, 'splitter': 'best'})",0.9275,0.9175,0.9275,0.92875,0.93,0.9262499999999999,0.004472135954999589,44
2.0380587577819824,0.18662812866868536,0.0033391475677490234,0.002860709509369371,gini,16,25,best,"OrderedDict({'criterion': 'gini', 'min_samples_leaf': 16, 'min_samples_split': 25, 'splitter': 'best'})",0.92875,0.92375,0.92625,0.92125,0.93625,0.9272500000000001,0.0051478150704935095,38
2.419119119644165,0.10706855525034405,0.0017301082611083985,0.0010141808770571523,gini,2,43,best,"OrderedDict({'criterion': 'gini', 'min_samples_leaf': 2, 'min_samples_split': 43, 'splitter': 'best'})",0.925,0.9325,0.915,0.9275,0.9225,0.9245000000000001,0.0057879184513951005,63
2.4471640586853027,0.1762532381414199,0.001943206787109375,0.00039933367164413596,gini,2,61,best,"OrderedDict({'criterion': 'gini', 'min_samples_leaf': 2, 'min_samples_split': 61, 'splitter': 'best'})",0.93,0.92125,0.905,0.92375,0.92125,0.92025,0.008268917704270613,108
2.164417600631714,0.10805687116267344,0.0016126632690429688,0.001406809848325763,gini,15,29,best,"OrderedDict({'criterion': 'gini', 'min_samples_leaf': 15, 'min_samples_split': 29, 'splitter': 'best'})",0.92875,0.925,0.92625,0.92125,0.93375,0.9270000000000002,0.004153311931459016,42
2.102075290679932,0.1369835298688256,0.0023395538330078123,0.0013690982614885478,gini,12,59,best,"OrderedDict({'criterion': 'gini', 'min_samples_leaf': 12, 'min_samples_split': 59, 'splitter': 'best'})",0.92625,0.9175,0.91625,0.92,0.92625,0.9212499999999999,0.004257346591481606,105
2.074466371536255,0.12375103067001979,0.001715087890625,0.0008782237291177066,gini,13,33,best,"OrderedDict({'criterion': 'gini', 'min_samples_leaf': 13, 'min_samples_split': 33, 'splitter': 'best'})",0.9275,0.92625,0.92875,0.9225,0.93625,0.9282499999999999,0.004513867521316958,31
0.42647652626037597,0.027930278525380492,0.002557373046875,0.0010054002261003906,entropy,2,55,random,"OrderedDict({'criterion': 'entropy', 'min_samples_leaf': 2, 'min_samples_split': 55, 'splitter': 'random'})",0.92375,0.9025,0.91,0.90375,0.92,0.9120000000000001,0.008536685539481928,197
0.39144043922424315,0.055617733155412005,0.00441446304321289,0.002747090223934972,entropy,2,56,random,"OrderedDict({'criterion': 'entropy', 'min_samples_leaf': 2, 'min_samples_split': 56, 'splitter': 'random'})",0.91375,0.9125,0.89625,0.92,0.9125,0.9109999999999999,0.007881941385217231,206
1.8900631427764893,0.12648466390311106,0.0016071796417236328,0.001324556280531922,gini,17,20,best,"OrderedDict({'criterion': 'gini', 'min_samples_leaf': 17, 'min_samples_split': 20, 'splitter': 'best'})",0.9325,0.93125,0.925,0.9225,0.93625,0.9295,0.005037360419902475,2
1.5195650577545166,0.11038922706145705,0.0022147178649902345,0.0013308887910697944,gini,85,47,best,"OrderedDict({'criterion': 'gini', 'min_samples_leaf': 85, 'min_samples_split': 47, 'splitter': 'best'})",0.91,0.905,0.895,0.9175,0.905,0.9065,0.007348469228349524,237
1.9705108642578124,0.15082272585498271,0.0016400814056396484,0.0020258323492510473,entropy,88,47,best,"OrderedDict({'criterion': 'entropy', 'min_samples_leaf': 88, 'min_samples_split': 47, 'splitter': 'best'})",0.91,0.91875,0.89375,0.9025,0.9025,0.9055,0.00838898086778124,248
1.4252065181732179,0.07552247955933322,0.003000307083129883,0.002350089693934311,gini,84,50,best,"OrderedDict({'criterion': 'gini', 'min_samples_leaf': 84, 'min_samples_split': 50, 'splitter': 'best'})",0.91,0.90625,0.895,0.9125,0.905,0.90575,0.005999999999999992,241
1.4031477451324463,0.1074478503260558,0.0036025047302246094,0.0018266521926493969,gini,86,48,best,"OrderedDict({'criterion': 'gini', 'min_samples_leaf': 86, 'min_samples_split': 48, 'splitter': 'best'})",0.91,0.905,0.895,0.9125,0.905,0.9055,0.005999999999999992,248
1.9765034675598145,0.04219385279921209,0.0009258747100830078,0.000772565974799343,entropy,83,42,best,"OrderedDict({'criterion': 'entropy', 'min_samples_leaf': 83, 'min_samples_split': 42, 'splitter': 'best'})",0.91,0.91875,0.89375,0.90375,0.9025,0.90575,0.008314144574157922,241
1.9646649837493897,0.20174191883638257,0.002115011215209961,0.0018325096238429514,log_loss,89,56,best,"OrderedDict({'criterion': 'log_loss', 'min_samples_leaf': 89, 'min_samples_split': 56, 'splitter': 'best'})",0.91,0.91875,0.89375,0.9025,0.9025,0.9055,0.00838898086778124,248
2.045151615142822,0.13471237073479203,0.0021527290344238283,0.0029818989724053322,log_loss,88,36,best,"OrderedDict({'criterion': 'log_loss', 'min_samples_leaf': 88, 'min_samples_split': 36, 'splitter': 'best'})",0.91,0.91875,0.89375,0.9025,0.9025,0.9055,0.00838898086778124,248
1.5610366821289063,0.04108209606581562,0.002501058578491211,0.0015175771886980966,gini,78,39,best,"OrderedDict({'criterion': 'gini', 'min_samples_leaf': 78, 'min_samples_split': 39, 'splitter': 'best'})",0.91375,0.9075,0.9075,0.915,0.905,0.9097500000000001,0.0039051248379533264,216
2.553143930435181,0.08809152512552239,0.0012468814849853516,0.0011393186121742929,log_loss,18,3,best,"OrderedDict({'criterion': 'log_loss', 'min_samples_leaf': 18, 'min_samples_split': 3, 'splitter': 'best'})",0.93125,0.92375,0.9275,0.9225,0.9175,0.9244999999999999,0.004650268809434582,64
2.622016954421997,0.07754313830281412,0.0011103630065917968,0.0009230710144477223,log_loss,25,3,best,"OrderedDict({'criterion': 'log_loss', 'min_samples_leaf': 25, 'min_samples_split': 3, 'splitter': 'best'})",0.93125,0.92375,0.93625,0.91625,0.91875,0.9252499999999999,0.007516648189186473,55
2.578750562667847,0.21775929623994447,0.0018774509429931641,0.0015643256150274624,log_loss,16,4,best,"OrderedDict({'criterion': 'log_loss', 'min_samples_leaf': 16, 'min_samples_split': 4, 'splitter': 'best'})",0.93,0.9275,0.9225,0.92125,0.92375,0.925,0.00325960120260134,58
2.3657557010650634,0.2276412358479154,0.0026770114898681642,0.00040365636783114105,log_loss,15,2,best,"OrderedDict({'criterion': 'log_loss', 'min_samples_leaf': 15, 'min_samples_split': 2, 'splitter': 'best'})",0.93,0.9225,0.9225,0.9175,0.9225,0.923,0.004000000000000023,81
2.3460973262786866,0.17046888054137058,0.0033674240112304688,0.0022369772975114168,entropy,23,2,best,"OrderedDict({'criterion': 'entropy', 'min_samples_leaf': 23, 'min_samples_split': 2, 'splitter': 'best'})",0.92875,0.9225,0.93625,0.92,0.9175,0.925,0.006754628043053152,58
2.596007823944092,0.09129940818631259,0.0020586490631103516,0.0010873029527549221,log_loss,23,3,best,"OrderedDict({'criterion': 'log_loss', 'min_samples_leaf': 23, 'min_samples_split': 3, 'splitter': 'best'})",0.92875,0.9225,0.93625,0.92,0.92,0.9254999999999999,0.0062549980015983945,51
1.9231834411621094,0.1465090855640981,0.0025086402893066406,0.001745500653388325,gini,18,14,best,"OrderedDict({'criterion': 'gini', 'min_samples_leaf': 18, 'min_samples_split': 14, 'splitter': 'best'})",0.9325,0.9325,0.9225,0.92,0.93625,0.92875,0.006324555320336755,14
1.7778415203094482,0.12429313783182779,0.002986288070678711,0.0009935814296322216,gini,18,13,best,"OrderedDict({'criterion': 'gini', 'min_samples_leaf': 18, 'min_samples_split': 13, 'splitter': 'best'})",0.9325,0.9325,0.92375,0.92,0.93625,0.9289999999999999,0.006093028803476971,11
0.2694657802581787,0.03126038859085536,0.0029802322387695312,0.0015271253040136594,log_loss,13,2,random,"OrderedDict({'criterion': 'log_loss', 'min_samples_leaf': 13, 'min_samples_split': 2, 'splitter': 'random'})",0.9325,0.90625,0.8975,0.90625,0.91125,0.91075,0.011742018565817384,207
2.73891282081604,0.06990495780635193,0.002527761459350586,0.002603502489116779,entropy,14,31,best,"OrderedDict({'criterion': 'entropy', 'min_samples_leaf': 14, 'min_samples_split': 31, 'splitter': 'best'})",0.93,0.92625,0.92125,0.9175,0.92375,0.9237500000000001,0.004257346591481621,71
2.5392380714416505,0.22854588179947752,0.002233552932739258,0.0018060436492826181,log_loss,23,72,best,"OrderedDict({'criterion': 'log_loss', 'min_samples_leaf': 23, 'min_samples_split': 72, 'splitter': 'best'})",0.925,0.92125,0.92875,0.91625,0.91875,0.922,0.0044440972086577935,94
2.2136717796325684,0.1630207258199188,0.0016571521759033204,0.002730804497657199,entropy,51,2,best,"OrderedDict({'criterion': 'entropy', 'min_samples_leaf': 51, 'min_samples_split': 2, 'splitter': 'best'})",0.92,0.91625,0.9125,0.91125,0.91375,0.9147500000000001,0.003102418411497734,161
1.511214542388916,0.1673690189804155,0.0038156509399414062,0.002252372183927128,gini,54,2,best,"OrderedDict({'criterion': 'gini', 'min_samples_leaf': 54, 'min_samples_split': 2, 'splitter': 'best'})",0.92375,0.915,0.91,0.91125,0.91125,0.91425,0.005037360419902451,173
1.7791913986206054,0.18746129240072007,0.004766130447387695,0.0019530742108271844,gini,18,23,best,"OrderedDict({'criterion': 'gini', 'min_samples_leaf': 18, 'min_samples_split': 23, 'splitter': 'best'})",0.9325,0.9325,0.9225,0.92,0.93625,0.92875,0.006324555320336755,14
2.3156275272369387,0.2166341393722362,0.0012070178985595704,0.0014783101775453066,log_loss,50,2,best,"OrderedDict({'criterion': 'log_loss', 'min_samples_leaf': 50, 'min_samples_split': 2, 'splitter': 'best'})",0.92,0.92,0.9125,0.9075,0.91375,0.9147500000000001,0.0047696960070847585,161
1.984418773651123,0.027184206210380278,0.0029592514038085938,0.0016065520443528127,gini,18,22,best,"OrderedDict({'criterion': 'gini', 'min_samples_leaf': 18, 'min_samples_split': 22, 'splitter': 'best'})",0.9325,0.9325,0.9225,0.92,0.93625,0.92875,0.006324555320336755,14
2.445365810394287,0.1549365269444268,0.0032510757446289062,0.002970887720584496,entropy,50,2,best,"OrderedDict({'criterion': 'entropy', 'min_samples_leaf': 50, 'min_samples_split': 2, 'splitter': 'best'})",0.92,0.92,0.9125,0.9075,0.91375,0.9147500000000001,0.0047696960070847585,161
2.2869140625,0.21150197840850185,0.0017281532287597655,0.0014532825843335995,entropy,54,2,best,"OrderedDict({'criterion': 'entropy', 'min_samples_leaf': 54, 'min_samples_split': 2, 'splitter': 'best'})",0.92,0.91625,0.9125,0.9075,0.91375,0.914,0.004138236339311736,176
1.601526641845703,0.09234918887287388,0.0032509326934814452,0.0023166175863524284,gini,50,2,best,"OrderedDict({'criterion': 'gini', 'min_samples_leaf': 50, 'min_samples_split': 2, 'splitter': 'best'})",0.92375,0.915,0.91375,0.91125,0.91125,0.915,0.00460977222864643,155
1.686511468887329,0.052321666797328865,0.0023523807525634766,0.0010223891807210265,gini,18,21,best,"OrderedDict({'criterion': 'gini', 'min_samples_leaf': 18, 'min_samples_split': 21, 'splitter': 'best'})",0.9325,0.9325,0.9225,0.92,0.93625,0.92875,0.006324555320336755,14
2.0821667671203614,0.07004090171815486,0.0028249740600585936,0.0014450005565266298,entropy,47,100,best,"OrderedDict({'criterion': 'entropy', 'min_samples_leaf': 47, 'min_samples_split': 100, 'splitter': 'best'})",0.92375,0.92,0.9125,0.9075,0.91375,0.9155000000000001,0.005733672470589865,149
2.0401060581207275,0.06427775097256634,0.0004047870635986328,0.0008095741271972657,entropy,51,99,best,"OrderedDict({'criterion': 'entropy', 'min_samples_leaf': 51, 'min_samples_split': 99, 'splitter': 'best'})",0.92,0.91625,0.9125,0.9075,0.91375,0.914,0.004138236339311736,176
2.061124086380005,0.07164455998143215,0.0033724308013916016,0.00344580791194341,entropy,41,100,best,"OrderedDict({'criterion': 'entropy', 'min_samples_leaf': 41, 'min_samples_split': 100, 'splitter': 'best'})",0.92375,0.92,0.91625,0.9075,0.91625,0.9167499999999998,0.005396758286230729,142
2.047751617431641,0.08290170920702351,0.001516103744506836,0.0020250248776377605,entropy,46,100,best,"OrderedDict({'criterion': 'entropy', 'min_samples_leaf': 46, 'min_samples_split': 100, 'splitter': 'best'})",0.92375,0.92,0.9125,0.9075,0.91375,0.9155000000000001,0.005733672470589865,149
1.9876397609710694,0.08039076692065995,0.0007564544677734375,0.0009403304129718239,entropy,55,99,best,"OrderedDict({'criterion': 'entropy', 'min_samples_leaf': 55, 'min_samples_split': 99, 'splitter': 'best'})",0.91625,0.9175,0.9125,0.90625,0.91375,0.91325,0.003921096785339528,190
0.36214146614074705,0.07795836120051049,0.002754020690917969,0.0018499341929393781,entropy,19,5,random,"OrderedDict({'criterion': 'entropy', 'min_samples_leaf': 19, 'min_samples_split': 5, 'splitter': 'random'})",0.91625,0.93625,0.91375,0.91375,0.9125,0.9184999999999999,0.008958236433584482,124
0.31855158805847167,0.037534373132482354,0.003124523162841797,0.0022937966258630054,entropy,17,3,random,"OrderedDict({'criterion': 'entropy', 'min_samples_leaf': 17, 'min_samples_split': 3, 'splitter': 'random'})",0.93,0.915,0.93375,0.92125,0.92,0.924,0.006864765108872975,68
0.2799858093261719,0.05625405241895925,0.0027956485748291014,0.003798589806729916,entropy,18,2,random,"OrderedDict({'criterion': 'entropy', 'min_samples_leaf': 18, 'min_samples_split': 2, 'splitter': 'random'})",0.92,0.9225,0.91875,0.915,0.9225,0.91975,0.0027838821814149973,114
0.2811413288116455,0.03672537078955938,0.004720163345336914,0.0028418019291647023,entropy,15,26,random,"OrderedDict({'criterion': 'entropy', 'min_samples_leaf': 15, 'min_samples_split': 26, 'splitter': 'random'})",0.915,0.92375,0.9025,0.9175,0.90875,0.9135,0.0073058195981012325,186
2.1765089988708497,0.10549617936291633,0.0034170627593994142,0.0025220993940048854,entropy,21,60,best,"OrderedDict({'criterion': 'entropy', 'min_samples_leaf': 21, 'min_samples_split': 60, 'splitter': 'best'})",0.9275,0.91875,0.92625,0.91625,0.91875,0.9215,0.00450000000000001,100
0.43515667915344236,0.06690759128454057,0.006667327880859375,0.004302705774515428,gini,100,99,random,"OrderedDict({'criterion': 'gini', 'min_samples_leaf': 100, 'min_samples_split': 99, 'splitter': 'random'})",0.89375,0.875,0.8925,0.88125,0.885,0.8855000000000001,0.007008922884438098,294
0.4697537899017334,0.024355413069643672,0.0036021709442138673,0.00047427750702299477,gini,99,99,random,"OrderedDict({'criterion': 'gini', 'min_samples_leaf': 99, 'min_samples_split': 99, 'splitter': 'random'})",0.89875,0.9025,0.8675,0.9075,0.87,0.88925,0.01698528775146301,288
1.7242654323577882,0.05254508747771451,0.004107809066772461,0.003076717061359343,gini,19,21,best,"OrderedDict({'criterion': 'gini', 'min_samples_leaf': 19, 'min_samples_split': 21, 'splitter': 'best'})",0.925,0.9325,0.93,0.92,0.935,0.9285,0.0053851648071345,19
0.3775613784790039,0.07917014685650219,0.005129337310791016,0.003378095512932047,gini,100,98,random,"OrderedDict({'criterion': 'gini', 'min_samples_leaf': 100, 'min_samples_split': 98, 'splitter': 'random'})",0.88875,0.90875,0.8975,0.9175,0.89625,0.90175,0.010142731387550378,266
0.42963356971740724,0.03926291320997392,0.0032529354095458983,0.0008623500854517007,gini,100,95,random,"OrderedDict({'criterion': 'gini', 'min_samples_leaf': 100, 'min_samples_split': 95, 'splitter': 'random'})",0.88375,0.89375,0.91375,0.8825,0.87,0.8887499999999999,0.014598801320656421,289
1.386692428588867,0.07032616140679009,0.003280305862426758,0.003690561264052056,gini,63,2,best,"OrderedDict({'criterion': 'gini', 'min_samples_leaf': 63, 'min_samples_split': 2, 'splitter': 'best'})",0.91625,0.91125,0.9075,0.915,0.9075,0.9115,0.0036571847095819687,202
1.3750723838806151,0.044309672214233924,0.0007998466491699219,0.0011660895144720738,gini,65,2,best,"OrderedDict({'criterion': 'gini', 'min_samples_leaf': 65, 'min_samples_split': 2, 'splitter': 'best'})",0.91625,0.91125,0.9075,0.91625,0.905,0.9112500000000001,0.004541475531146239,204
1.661599063873291,0.06825883817548267,0.001192331314086914,0.0010293567020702935,gini,19,20,best,"OrderedDict({'criterion': 'gini', 'min_samples_leaf': 19, 'min_samples_split': 20, 'splitter': 'best'})",0.925,0.9325,0.93,0.92,0.935,0.9285,0.0053851648071345,19
0.3739997386932373,0.024837455889728865,0.002347898483276367,0.00041575468192186886,gini,95,100,random,"OrderedDict({'criterion': 'gini', 'min_samples_leaf': 95, 'min_samples_split': 100, 'splitter': 'random'})",0.905,0.91,0.885,0.9025,0.85875,0.89225,0.018748333259252674,282
1.5691516399383545,0.03166359992940247,0.002839994430541992,0.0007700388833962081,gini,32,3,best,"OrderedDict({'criterion': 'gini', 'min_samples_leaf': 32, 'min_samples_split': 3, 'splitter': 'best'})",0.92,0.9125,0.9175,0.9175,0.92,0.9175000000000001,0.002738612787525853,134
1.52839937210083,0.03294431568030156,0.0028775691986083984,0.0012337019595689853,gini,34,2,best,"OrderedDict({'criterion': 'gini', 'min_samples_leaf': 34, 'min_samples_split': 2, 'splitter': 'best'})",0.9275,0.91875,0.9125,0.9175,0.91625,0.9185000000000001,0.004962358310319804,122
2.2329505920410155,0.12176339624831221,0.0032503604888916016,0.0014106876402128446,log_loss,2,97,best,"OrderedDict({'criterion': 'log_loss', 'min_samples_leaf': 2, 'min_samples_split': 97, 'splitter': 'best'})",0.93125,0.91625,0.91625,0.905,0.91875,0.9175000000000001,0.008366600265340753,134
2.0211467266082765,0.07948492864294208,0.002386665344238281,0.0002868278997810306,gini,2,98,best,"OrderedDict({'criterion': 'gini', 'min_samples_leaf': 2, 'min_samples_split': 98, 'splitter': 'best'})",0.92125,0.91875,0.90375,0.9125,0.92125,0.9155,0.006689544080129809,152
2.2101775646209716,0.14256794312052803,0.0017371177673339844,0.0014892349766007422,log_loss,2,99,best,"OrderedDict({'criterion': 'log_loss', 'min_samples_leaf': 2, 'min_samples_split': 99, 'splitter': 'best'})",0.93125,0.91625,0.91625,0.905,0.91875,0.9175000000000001,0.008366600265340753,134
0.4432469367980957,0.07183478180590175,0.0038461685180664062,0.003144371254631968,entropy,98,64,random,"OrderedDict({'criterion': 'entropy', 'min_samples_leaf': 98, 'min_samples_split': 64, 'splitter': 'random'})",0.90375,0.87625,0.90125,0.90375,0.875,0.892,0.013407087677791947,285
0.4282685279846191,0.06545625658057451,0.005183362960815429,0.0016879707847800838,entropy,100,31,random,"OrderedDict({'criterion': 'entropy', 'min_samples_leaf': 100, 'min_samples_split': 31, 'splitter': 'random'})",0.89625,0.87,0.89125,0.9125,0.89125,0.89225,0.013587678241701187,282
0.43649992942810056,0.020591783391332084,0.004255151748657227,0.004175506625678685,entropy,100,2,random,"OrderedDict({'criterion': 'entropy', 'min_samples_leaf': 100, 'min_samples_split': 2, 'splitter': 'random'})",0.8775,0.905,0.89125,0.9,0.87,0.8887499999999999,0.013228756555322973,289
0.4136289119720459,0.028247569530796313,0.0053465843200683595,0.002780494861079159,entropy,100,85,random,"OrderedDict({'criterion': 'entropy', 'min_samples_leaf': 100, 'min_samples_split': 85, 'splitter': 'random'})",0.89,0.91375,0.895,0.88875,0.90375,0.89825,0.009374166629626314,272
0.32335329055786133,0.056817675550074415,0.0024317264556884765,0.0020854016393106727,entropy,100,79,random,"OrderedDict({'criterion': 'entropy', 'min_samples_leaf': 100, 'min_samples_split': 79, 'splitter': 'random'})",0.89375,0.89875,0.88375,0.89,0.85125,0.8835000000000001,0.016852299546352752,296
